id_persona,nombre,carrera,institucion_anterior,institucion_nueva,criterio
P-00018-00044,AIMARA BELEN SALAZAR CORONA,Ingeniería Industrial,Instituto Tecnológico de Apizaco,UPTx,Regla explícita del usuario
I-00015-00053,DANIELA ADRIANA CORTES CONTRERAS,Ingeniería Industrial,UPTREP,UPTx,Regla explícita del usuario
I-00023-00161,JORGE PINO,Ingeniería Industrial,UATx,UPTx,Regla explícita del usuario
I-00084-00226,JESUS MARQUEZ PEREZ,Ingeniería Industrial,,UPTx,Regla explícita del usuario
I-00092-00234,DAISSY KARINA SANCHEZ ALAZCANO,Ingeniería Industrial,,UPTx,Regla explícita del usuario
I-00114-00256,ALEJANDRA EDITH SOLANO SANCHEZ,Ingeniería Industrial,,UPTx,Regla explícita del usuario
I-00117-00259,CARLOS D'ARLO SANCHEZ ARMAS,Ingeniería Industrial,,UPTx,Regla explícita del usuario
I-00205-00348,CASANDRA HERNANDEZ ORTEGA,Ingeniería Industrial,,UPTx,Regla explícita del usuario
I-00212-00355,EDWIN PEREZ LARA,Ingeniería Industrial,,UPTx,Regla explícita del usuario
I-00214-00357,FATIMA GONZALEZ GUEVARA,Ingeniería Industrial,,UPTx,Regla explícita del usuario
P-00091-00362,ANAHI SORIA LOBATON,Ingeniería Industrial,,UPTx,Regla explícita del usuario
P-00092-00363,GERARDO CASALES GODINEZ,Ingeniería Industrial,,UPTx,Regla explícita del usuario
I-00250-00395,LAURA LIDIA MARIANO VAZQUEZ,Ingeniería Industrial,,UPTx,Regla explícita del usuario
I-00256-00401,YESENIA SANCHEZ GARCIA,Ingeniería Industrial,,UPTx,Regla explícita del usuario
I-00258-00403,ANA ARELI MELENDEZ BELLO,Ingeniería Industrial,,UPTx,Regla explícita del usuario
I-00264-00409,FERNANDO ABURTO SANTAMARIA,Ingeniería Industrial,,UPTx,Regla explícita del usuario
I-00278-00423,MIGUEL ANGEL RIVERA HERNANDEZ,Ingeniería Industrial,,UPTx,Regla explícita del usuario
I-00279-00424,ARLETTE RODRIGUEZ PADILLA,Ingeniería Industrial,,UPTx,Regla explícita del usuario
I-00308-00453,MIRIAM GONZALEZ AGUILA,Ingeniería Industrial,,UPTx,Regla explícita del usuario
I-00310-00455,JOSE DANIEL PACHECO DOMINGUEZ,Ingeniería Industrial,,UPTx,Regla explícita del usuario
I-00320-00465,CYNTHIA HERNANDEZ LOPEZ,Ingeniería Industrial,,UPTx,Regla explícita del usuario
I-00327-00472,REYES MARTINEZ GUTIERREZ,Ingeniería Industrial,,UPTx,Regla explícita del usuario
I-00334-00479,JOSE LUIS MELENDEZ SALAZAR,Ingeniería Industrial,,UPTx,Regla explícita del usuario
I-00335-00480,MYRIAM TZOMPANTZI GASPARIANO,Ingeniería Industrial,,UPTx,Regla explícita del usuario
I-00337-00482,ALMA YULENI TEXIS TEXIS,Ingeniería Industrial,,UPTx,Regla explícita del usuario
I-00350-00495,DANIELA ADRIANA CORTES PEREZ,Ingeniería Industrial,UPTREP,UPTx,Regla explícita del usuario
I-00354-00499,ESTEFANY SANCHEZ ZAMORA,Ingeniería Industrial,UPTREP,UPTx,Regla explícita del usuario
P-00106-00532,AIMARA BELEN SALAZAR CORONA,Ingeniería Industrial,Instituto Tecnológico de Apizaco,UPTx,Regla explícita del usuario
P-00135-00561,LAURA LEON CHAMIZO,Ingeniería Industrial,,UPTx,Regla explícita del usuario
P-00136-00562,SAUL VELA MUÑOZ,Ingeniería Industrial,,UPTx,Regla explícita del usuario
P-00149-00575,OSWALDO MEJIA,Ingeniería Industrial,,UPTx,Regla explícita del usuario
P-00156-00582,BRANDON BAUTISTA SANDOVAL,Ingeniería Industrial,,UPTx,Regla explícita del usuario
I-00483-00693,JUAN ANTONIO SANCHEZ DIAZ,Ingeniería Industrial,Instituto Tecnológico de Apizaco,UPTx,Regla explícita del usuario
P-00042-00074,ALINE ESCALONA VEGA,Psicología,BUAP,UATx,Regla explícita del usuario
A-00028-00089,RAFAEL SANCHEZ TERON,Psicología,UVT,UATx,Regla explícita del usuario
I-00040-00181,SERGIO IVAN CASTILLO RIVERA,Psicología,,UATx,Regla explícita del usuario
I-00085-00227,MONSERRAT TANECO MAGDALENO,Psicología,,UATx,Regla explícita del usuario
I-00209-00352,AARON JESUS FALCON ORTIZ,Psicología,,UATx,Regla explícita del usuario
I-00232-00377,GUADALUPE JIMENEZ CUEVAS,Psicología,,UATx,Regla explícita del usuario
I-00241-00386,JOSE CARLOS RUIZ ROMERO,Psicología,,UATx,Regla explícita del usuario
I-00249-00394,ELIA LUCIA TABALES CUEVAS,Psicología,,UATx,Regla explícita del usuario
P-00128-00554,RAFAEL SANCHEZ TERAN,Psicología,UVT,UATx,Regla explícita del usuario
I-00375-00585,ALINE ESCALONA VEGA,Psicología,,UATx,Regla explícita del usuario
S-00003-00149,DANIELA XOCHITEMOL ROMANO,Administración,UVT,UATx,Regla explícita del usuario
I-00104-00246,ARELY FERNANDEZ VALENCIA,Administración,,UATx,Regla explícita del usuario
I-00115-00257,JOSE ANGEL PAPALOTZI VIVANCO,Administración,,UATx,Regla explícita del usuario
I-00118-00260,JOSE DE JESUS MORENO HERNANDEZ,Administración,,UATx,Regla explícita del usuario
I-00142-00284,YADIRA SANCHEZ CAMARILLO,Administración,,UATx,Regla explícita del usuario
I-00143-00285,ARACELY SERRANO ANTONIO,Administración,,UATx,Regla explícita del usuario
I-00147-00289,LISSETE CAMACHO VIXTO,Administración,,UATx,Regla explícita del usuario
I-00155-00297,JISSEL MARTINEZ NAVA,Administración,,UATx,Regla explícita del usuario
I-00166-00308,EDUARDO LEIVA SANCHEZ,Administración,,UATx,Regla explícita del usuario
I-00168-00310,JAQUELINE HERNANDEZ FERNANDEZ,Administración,,UATx,Regla explícita del usuario
I-00192-00335,HORACIO PALAFOX RAMOS,Administración,,UATx,Regla explícita del usuario
I-00196-00339,MARIA GUADALUPE AGUILA FERNANDEZ,Administración,,UATx,Regla explícita del usuario
I-00244-00389,LAURA XIMENA DEGANTE GONZALES,Administración,,UATx,Regla explícita del usuario
I-00261-00406,SEBASTIAN AMARO ALVARADO,Administración,,UATx,Regla explícita del usuario
I-00265-00410,SONIA MERINO LOPEZ,Administración,,UATx,Regla explícita del usuario
I-00309-00454,IRMA LIZBETH MORALES SANCHEZ,Administración,,UATx,Regla explícita del usuario
I-00339-00484,VIANEY PEREZ ELVIRA,Administración,,UATx,Regla explícita del usuario
I-00424-00634,ARACELY SERRANO ANTONIO,Administración,,UATx,Regla explícita del usuario
I-00447-00657,JAQUELIN HERNANDEZ FERNANDEZ,Administración,,UATx,Regla explícita del usuario
I-00452-00662,OSWALDO SANCHEZ TZOMPANTZI,Administración,,UATx,Regla explícita del usuario
I-00453-00663,RUBI GONZALEZ VAZQUEZ,Administración,,UATx,Regla explícita del usuario
I-00465-00675,PAOLA GUADALUPE BAUTISTA MAZATZI,Administración,,UATx,Regla explícita del usuario
I-00466-00676,JISSEL MARTINEZ NAVA,Administración,,UATx,Regla explícita del usuario
I-00479-00689,JACQUELINE HERNANDEZ FERNANDEZ,Administración,,UATx,Regla explícita del usuario
I-00093-00235,JUAN MANUEL VAZQUEZ CERVANTES,Bachillerato,,UTT,Imputación histórica balanceada entre instituciones de Tlaxcala disponibles para la carrera
I-00112-00254,PAOLA GONZALEZ SANCHEZ,Bachillerato,,UTT,Imputación histórica balanceada entre instituciones de Tlaxcala disponibles para la carrera
I-00124-00266,LEYDI MARTINEZ ROMERO,Bachillerato,,UTT,Imputación histórica balanceada entre instituciones de Tlaxcala disponibles para la carrera
I-00146-00288,ELISA JUAREZ TEXIS,Bachillerato,,UTT,Imputación histórica balanceada entre instituciones de Tlaxcala disponibles para la carrera
I-00211-00354,ADRIAN CANO DE LA ROSA,Bachillerato,,UTT,Imputación histórica balanceada entre instituciones de Tlaxcala disponibles para la carrera
I-00259-00404,JOSE MANUEL LEON GONZALEZ,Bachillerato,,UTT,Imputación histórica balanceada entre instituciones de Tlaxcala disponibles para la carrera
I-00262-00407,CARLOS URIEL AGUILAR DELGADO,Bachillerato,,UTT,Imputación histórica balanceada entre instituciones de Tlaxcala disponibles para la carrera
I-00307-00452,JANET SANCHEZ RAMIREZ,Bachillerato,,UTT,Imputación histórica balanceada entre instituciones de Tlaxcala disponibles para la carrera
I-00321-00466,YESENIA FLORES VALENCIA,Bachillerato,,UTT,Imputación histórica balanceada entre instituciones de Tlaxcala disponibles para la carrera
I-00410-00620,ELISA JUAREZ TEXIS,Bachillerato,,UTT,Imputación histórica balanceada entre instituciones de Tlaxcala disponibles para la carrera
I-00457-00667,SANDRA JUAREZ MOLGADO,Bachillerato,,UTT,Imputación histórica balanceada entre instituciones de Tlaxcala disponibles para la carrera
I-00458-00668,OSCAR PEDRO SANCHEZ HERNANDEZ,Bachillerato,,UTT,Imputación histórica balanceada entre instituciones de Tlaxcala disponibles para la carrera
I-00467-00677,ELISA JUAREZ TEXIS,Bachillerato,,UTT,Imputación histórica balanceada entre instituciones de Tlaxcala disponibles para la carrera
I-00291-00436,GEMA SALAMANCA GOMEZ,Ciencias de la Educación,,UATx,Imputación histórica balanceada entre instituciones de Tlaxcala disponibles para la carrera
I-00292-00437,EVELYN GUADALUPE CORNEJO MAGDALENO,Ciencias de la Educación,,UATx,Imputación histórica balanceada entre instituciones de Tlaxcala disponibles para la carrera
P-00075-00133,JESSICA VIOLETA CANO HERNANDEZ,Contaduría Pública,,ITSSMT,Imputación histórica balanceada entre instituciones de Tlaxcala disponibles para la carrera
I-00462-00672,LAURA ANGELICA GOMEZ APARICIO,Contaduría Pública,,UPTREP,Imputación histórica balanceada entre instituciones de Tlaxcala disponibles para la carrera
I-00138-00280,ANA PAOLA CORTEZ GENERO,Derecho,,UATx,Imputación histórica balanceada entre instituciones de Tlaxcala disponibles para la carrera
I-00210-00353,FRANSUE CABRERA DELGADO,Derecho,,UATx,Imputación histórica balanceada entre instituciones de Tlaxcala disponibles para la carrera
I-00220-00365,CARLOS ANDRES ROJAS MILA,Derecho,,UATx,Imputación histórica balanceada entre instituciones de Tlaxcala disponibles para la carrera
I-00224-00369,SILVIA SINAHI MORALES HERNANDEZ,Derecho,,UATx,Imputación histórica balanceada entre instituciones de Tlaxcala disponibles para la carrera
I-00255-00400,GIOVANNI COTE TETLALMATZI,Derecho,,UATx,Imputación histórica balanceada entre instituciones de Tlaxcala disponibles para la carrera
I-00287-00432,GABRIELA ROJAS PEREZ,Derecho,,UATx,Imputación histórica balanceada entre instituciones de Tlaxcala disponibles para la carrera
I-00290-00435,ALEJANDRA PAOLA ZARATE ROMERO,Derecho,,UATx,Imputación histórica balanceada entre instituciones de Tlaxcala disponibles para la carrera
I-00399-00609,ANA PAOLA CORTEZ GUERRERO,Derecho,,UATx,Imputación histórica balanceada entre instituciones de Tlaxcala disponibles para la carrera
I-00431-00641,ANA PADA CORTEZ GENERO,Derecho,,UATx,Imputación histórica balanceada entre instituciones de Tlaxcala disponibles para la carrera
I-00284-00429,BLANCA ESMERALDA FERNANDEZ ZAMORA,Desarrollo de Negocios Área de Mercadotecnia,,UPTx,Imputación histórica balanceada entre instituciones de Tlaxcala disponibles para la carrera
P-00121-00547,REINA DAMIAN MORENO,Diseño Textil,,UPTx,Imputación histórica balanceada entre instituciones de Tlaxcala disponibles para la carrera
P-00134-00560,VANIA TANECO MAGDALENO,Diseño Textil,,UPTx,Imputación histórica balanceada entre instituciones de Tlaxcala disponibles para la carrera
I-00038-00179,OSMAR MORALES,Economía,,UATx,Imputación histórica balanceada entre instituciones de Tlaxcala disponibles para la carrera
I-00107-00249,SUSANA SANCHEZ OLIVARES,Ingeniería,,UTT,Imputación histórica balanceada entre instituciones de Tlaxcala disponibles para la carrera
I-00227-00372,LUIS DANIEL ALTAMIRANO HERNANDEZ,Ingeniería,,UTT,Imputación histórica balanceada entre instituciones de Tlaxcala disponibles para la carrera
I-00328-00473,MARCO ARTURO SALAMANCA VEGA,Ingeniería,,UTT,Imputación histórica balanceada entre instituciones de Tlaxcala disponibles para la carrera
I-00088-00230,OSWSLDO MARQUEZ GARCIA,Ingeniería Civil,,UPTREP,Imputación histórica balanceada entre instituciones de Tlaxcala disponibles para la carrera
I-00086-00228,LIZZETH CORONA RAMIREZ,Ingeniería Electromecánica,,UATx,Imputación histórica balanceada entre instituciones de Tlaxcala disponibles para la carrera
I-00299-00444,CARLOS BRANDON CORDERO GALINDO,Ingeniería Electromecánica,,UPTx,Imputación histórica balanceada entre instituciones de Tlaxcala disponibles para la carrera
I-00301-00446,MAR CARIBE RUGERIO RAMOS,Ingeniería Electromecánica,,UATx,Imputación histórica balanceada entre instituciones de Tlaxcala disponibles para la carrera
P-00158-00694,ALEXIS OROZCO VICENTE,Ingeniería Electromecánica,Indefinido,UPTx,Imputación histórica balanceada entre instituciones de Tlaxcala disponibles para la carrera
I-00234-00379,JOSE JUAN QUECHOL SANCHEZ,Ingeniería Eléctrica,,UATx,Imputación histórica balanceada entre instituciones de Tlaxcala disponibles para la carrera
I-00282-00427,GUADALUPE MARLETT CERVANTES CARMONA,Ingeniería Eléctrica,,UATx,Imputación histórica balanceada entre instituciones de Tlaxcala disponibles para la carrera
I-00072-00213,ALEJANDRO ALBERTO MARAVILLA PEREZ,Ingeniería Mecatrónica,,UPTREP,Imputación histórica balanceada entre instituciones de Tlaxcala disponibles para la carrera
I-00126-00268,JAIME DOMINGUEZ MORA,Ingeniería Mecatrónica,,UPTx,Imputación histórica balanceada entre instituciones de Tlaxcala disponibles para la carrera
I-00134-00276,ARTURO MANI CORTE,Ingeniería Mecatrónica,,Instituto Tecnológico de Apizaco,Imputación histórica balanceada entre instituciones de Tlaxcala disponibles para la carrera
I-00151-00293,ALBERTO POLVO ANDRADE,Ingeniería Mecatrónica,,UATx,Imputación histórica balanceada entre instituciones de Tlaxcala disponibles para la carrera
I-00152-00294,VICTOR HUGO GUTIERREZ CAHUANTZI,Ingeniería Mecatrónica,,UPTREP,Imputación histórica balanceada entre instituciones de Tlaxcala disponibles para la carrera
I-00153-00295,JUAN ALBERTO ISLAS DIAZ,Ingeniería Mecatrónica,,UPTx,Imputación histórica balanceada entre instituciones de Tlaxcala disponibles para la carrera
I-00154-00296,ANDRES CUAHUTENCOS MORALES,Ingeniería Mecatrónica,,Instituto Tecnológico de Apizaco,Imputación histórica balanceada entre instituciones de Tlaxcala disponibles para la carrera
I-00156-00298,ANTONIO PEREZ SANTAMARIA,Ingeniería Mecatrónica,,UATx,Imputación histórica balanceada entre instituciones de Tlaxcala disponibles para la carrera
I-00161-00303,ABDIEL VALENTIN SANTIAGO ORTEGA,Ingeniería Mecatrónica,,UPTREP,Imputación histórica balanceada entre instituciones de Tlaxcala disponibles para la carrera
I-00163-00305,EDGAR RAMIREZ ALVAREZ,Ingeniería Mecatrónica,,UPTx,Imputación histórica balanceada entre instituciones de Tlaxcala disponibles para la carrera
I-00170-00312,JONATHAN FLORES FLORES,Ingeniería Mecatrónica,,Instituto Tecnológico de Apizaco,Imputación histórica balanceada entre instituciones de Tlaxcala disponibles para la carrera
I-00194-00337,CESAR JAVIER CASTILLO GALLARDO,Ingeniería Mecatrónica,,UATx,Imputación histórica balanceada entre instituciones de Tlaxcala disponibles para la carrera
I-00195-00338,OSCAR CRUZ MALDONADO,Ingeniería Mecatrónica,,UPTREP,Imputación histórica balanceada entre instituciones de Tlaxcala disponibles para la carrera
I-00277-00422,EDGAR GARCIA PEREZ,Ingeniería Mecatrónica,,UPTx,Imputación histórica balanceada entre instituciones de Tlaxcala disponibles para la carrera
I-00317-00462,OSCAR CRUZ CABRERA,Ingeniería Mecatrónica,,Instituto Tecnológico de Apizaco,Imputación histórica balanceada entre instituciones de Tlaxcala disponibles para la carrera
I-00332-00477,VICTOR HERNANDEZ ESCOBAR,Ingeniería Mecatrónica,,UATx,Imputación histórica balanceada entre instituciones de Tlaxcala disponibles para la carrera
I-00333-00478,JAIME RODRIGUEZ SANCHEZ,Ingeniería Mecatrónica,,UPTREP,Imputación histórica balanceada entre instituciones de Tlaxcala disponibles para la carrera
P-00137-00563,ANEL HERNANDEZ HERNANDEZ,Ingeniería Mecatrónica,,UPTx,Imputación histórica balanceada entre instituciones de Tlaxcala disponibles para la carrera
P-00140-00566,ROBERTO HAZIEL PORTILLA VILLA,Ingeniería Mecatrónica,,Instituto Tecnológico de Apizaco,Imputación histórica balanceada entre instituciones de Tlaxcala disponibles para la carrera
P-00148-00574,CRISTIAN JAIR LOPEZ SANLUIS,Ingeniería Mecatrónica,,UATx,Imputación histórica balanceada entre instituciones de Tlaxcala disponibles para la carrera
P-00150-00576,GUSTAVO GALDINO ALONSO PEREZ,Ingeniería Mecatrónica,,UPTREP,Imputación histórica balanceada entre instituciones de Tlaxcala disponibles para la carrera
P-00153-00579,LUIS ANGEL BAUTISTA PEREZ,Ingeniería Mecatrónica,,UPTx,Imputación histórica balanceada entre instituciones de Tlaxcala disponibles para la carrera
I-00386-00596,ANDRES CUAHUTENCOS MORALES,Ingeniería Mecatrónica,,Instituto Tecnológico de Apizaco,Imputación histórica balanceada entre instituciones de Tlaxcala disponibles para la carrera
I-00387-00597,ANTONIO PEREZ SANTAMARIA,Ingeniería Mecatrónica,,UATx,Imputación histórica balanceada entre instituciones de Tlaxcala disponibles para la carrera
I-00392-00602,JUAN ALBERTO ISLAS DIAZ,Ingeniería Mecatrónica,,UPTREP,Imputación histórica balanceada entre instituciones de Tlaxcala disponibles para la carrera
I-00394-00604,ABDIEL VALENTIN SANTIAGO ORTEGA,Ingeniería Mecatrónica,,UPTx,Imputación histórica balanceada entre instituciones de Tlaxcala disponibles para la carrera
I-00403-00613,VICTOR HUGO GUTIERREZ CAHUANTZI,Ingeniería Mecatrónica,,Instituto Tecnológico de Apizaco,Imputación histórica balanceada entre instituciones de Tlaxcala disponibles para la carrera
I-00406-00616,ALBERTO POLVO ANDRADE,Ingeniería Mecatrónica,,UATx,Imputación histórica balanceada entre instituciones de Tlaxcala disponibles para la carrera
I-00415-00625,ALBERTO POLVO ANDRADE,Ingeniería Mecatrónica,,UPTREP,Imputación histórica balanceada entre instituciones de Tlaxcala disponibles para la carrera
I-00416-00626,VICTOR HUGO GUTIERREZ CAHUANTZI,Ingeniería Mecatrónica,,UPTx,Imputación histórica balanceada entre instituciones de Tlaxcala disponibles para la carrera
I-00417-00627,JUAN ALBERTO ISLAS DIAZ,Ingeniería Mecatrónica,,Instituto Tecnológico de Apizaco,Imputación histórica balanceada entre instituciones de Tlaxcala disponibles para la carrera
I-00418-00628,ANDRES CUAHUTEPCOS MORALES,Ingeniería Mecatrónica,,UATx,Imputación histórica balanceada entre instituciones de Tlaxcala disponibles para la carrera
I-00435-00645,ANA KAREN RAMIRO AQUIAHUATL,Ingeniería Mecatrónica,,UPTREP,Imputación histórica balanceada entre instituciones de Tlaxcala disponibles para la carrera
I-00437-00647,JONATHAN FLORES FLORES,Ingeniería Mecatrónica,,UPTx,Imputación histórica balanceada entre instituciones de Tlaxcala disponibles para la carrera
I-00438-00648,ADAIR JONATHAN SALDAÑA RIVERA,Ingeniería Mecatrónica,,Instituto Tecnológico de Apizaco,Imputación histórica balanceada entre instituciones de Tlaxcala disponibles para la carrera
I-00439-00649,DAMARIS REYES LOPEZ,Ingeniería Mecatrónica,,UATx,Imputación histórica balanceada entre instituciones de Tlaxcala disponibles para la carrera
I-00440-00650,MARTHA GUADALUPE RODRIGUEZ RODRIGUEZ,Ingeniería Mecatrónica,,UPTREP,Imputación histórica balanceada entre instituciones de Tlaxcala disponibles para la carrera
I-00454-00664,JORGE HUMBERTO SANCHEZ RODRIGUEZ,Ingeniería Mecatrónica,,UPTx,Imputación histórica balanceada entre instituciones de Tlaxcala disponibles para la carrera
I-00476-00686,ANA KAREN RAMIRO AQUIAHUATL,Ingeniería Mecatrónica,,Instituto Tecnológico de Apizaco,Imputación histórica balanceada entre instituciones de Tlaxcala disponibles para la carrera
P-00024-00050,CONCEPCION VAZQUEZ CUAHUTLE,Ingeniería Química,Indefinido,UPTx,Imputación histórica balanceada entre instituciones de Tlaxcala disponibles para la carrera
I-00121-00263,ALINE APALE CALVILLO,Ingeniería Química,,UTT,Imputación histórica balanceada entre instituciones de Tlaxcala disponibles para la carrera
I-00158-00300,SARAI SARMIENTO ARMENTA,Ingeniería Química,,UPTx,Imputación histórica balanceada entre instituciones de Tlaxcala disponibles para la carrera
I-00202-00345,ESTEFANY PEREZ FLORES,Ingeniería Química,,UTT,Imputación histórica balanceada entre instituciones de Tlaxcala disponibles para la carrera
I-00204-00347,LUCIANO MONTIEL RAMOS,Ingeniería Química,,UPTx,Imputación histórica balanceada entre instituciones de Tlaxcala disponibles para la carrera
I-00257-00402,GRISSELDA NAVA CUATECONTZI,Ingeniería Química,,UTT,Imputación histórica balanceada entre instituciones de Tlaxcala disponibles para la carrera
I-00276-00421,VIANNEY HUERTA JUAREZ,Ingeniería Química,,UPTx,Imputación histórica balanceada entre instituciones de Tlaxcala disponibles para la carrera
I-00289-00434,JESUS ANTONIO ZARATE ROMERO,Ingeniería Química,,UTT,Imputación histórica balanceada entre instituciones de Tlaxcala disponibles para la carrera
I-00296-00441,ALICIA PINEDA HERNANDEZ,Ingeniería Química,,UPTx,Imputación histórica balanceada entre instituciones de Tlaxcala disponibles para la carrera
I-00302-00447,JOSE OCTAVIO SALAS SOLANO,Ingeniería Química,,UTT,Imputación histórica balanceada entre instituciones de Tlaxcala disponibles para la carrera
I-00323-00468,JOSE LUIS RIVERA HERRERA,Ingeniería Química,,UPTx,Imputación histórica balanceada entre instituciones de Tlaxcala disponibles para la carrera
I-00330-00475,OLIVIA ALEJANDRA SANCHEZ MENDEZ,Ingeniería Química,,UTT,Imputación histórica balanceada entre instituciones de Tlaxcala disponibles para la carrera
I-00331-00476,MARIA DEL CARMEN MENDIETA CONDE,Ingeniería Química,,UPTx,Imputación histórica balanceada entre instituciones de Tlaxcala disponibles para la carrera
I-00338-00483,HELDER CERVANTES MENESES,Ingeniería Química,,UTT,Imputación histórica balanceada entre instituciones de Tlaxcala disponibles para la carrera
P-00143-00569,KIMBERLY SISSY MONTIEL MELENDEZ,Ingeniería Química,,UPTx,Imputación histórica balanceada entre instituciones de Tlaxcala disponibles para la carrera
P-00144-00570,DIANA LAURA MUÑOZ LARA,Ingeniería Química,,UTT,Imputación histórica balanceada entre instituciones de Tlaxcala disponibles para la carrera
P-00146-00572,CONCEPCION VAZQUEZ CUAHUTLE,Ingeniería Química,,UPTx,Imputación histórica balanceada entre instituciones de Tlaxcala disponibles para la carrera
I-00377-00587,GABRIELA HERNANDEZ CORONA,Ingeniería Química,,UTT,Imputación histórica balanceada entre instituciones de Tlaxcala disponibles para la carrera
I-00378-00588,LILIANA ESPINO ESPINOZA,Ingeniería Química,,UPTx,Imputación histórica balanceada entre instituciones de Tlaxcala disponibles para la carrera
I-00390-00600,SARAI SARMIENTO ARMENTA,Ingeniería Química,,UTT,Imputación histórica balanceada entre instituciones de Tlaxcala disponibles para la carrera
I-00433-00643,SARAI SARMIENTO ARMENTA,Ingeniería Química,,UPTx,Imputación histórica balanceada entre instituciones de Tlaxcala disponibles para la carrera
I-00468-00678,SARAI SARMIENTO ARMENTA,Ingeniería Química,,UTT,Imputación histórica balanceada entre instituciones de Tlaxcala disponibles para la carrera
P-00089-00217,ALEXIS HERNANDEZ SILVA,Ingeniería en Administración,,UPTx,Imputación histórica balanceada entre instituciones de Tlaxcala disponibles para la carrera
I-00076-00218,DIANA MELISSA CUAMATZI AGUILAR,Ingeniería en Administración,,UPTx,Imputación histórica balanceada entre instituciones de Tlaxcala disponibles para la carrera
I-00077-00219,CARMEN GARCIA PEREZ,Ingeniería en Administración,,UPTx,Imputación histórica balanceada entre instituciones de Tlaxcala disponibles para la carrera
I-00079-00221,KARLA JUDITH SOLA MENDOZA,Ingeniería en Administración,,UPTx,Imputación histórica balanceada entre instituciones de Tlaxcala disponibles para la carrera
I-00099-00241,GABRIELA SANLUIS HERNANDEZ,Ingeniería en Administración,,UPTx,Imputación histórica balanceada entre instituciones de Tlaxcala disponibles para la carrera
I-00216-00359,ANDREA ESMERALDA OLIVARES CORICHI,Ingeniería en Administración,,UPTx,Imputación histórica balanceada entre instituciones de Tlaxcala disponibles para la carrera
I-00304-00449,LIZBETH MORALES LOZADA,Ingeniería en Administración,,UPTx,Imputación histórica balanceada entre instituciones de Tlaxcala disponibles para la carrera
I-00113-00255,LORENA PAREDES NAVA,Ingeniería en Biotecnología,,UATx,Imputación histórica balanceada entre instituciones de Tlaxcala disponibles para la carrera
I-00127-00269,FABIOLA CUATIANQUIZ VASQUEZ,Ingeniería en Biotecnología,,UPTx,Imputación histórica balanceada entre instituciones de Tlaxcala disponibles para la carrera
I-00300-00445,AXEL STEVEN CRUZ HERNANDEZ,Ingeniería en Biotecnología,,UATx,Imputación histórica balanceada entre instituciones de Tlaxcala disponibles para la carrera
I-00303-00448,ALAN ARTURO CORTES RAMIREZ,Ingeniería en Biotecnología,,UPTx,Imputación histórica balanceada entre instituciones de Tlaxcala disponibles para la carrera
I-00305-00450,HELEN YURITZY RAMIREZ GONZALEZ,Ingeniería en Biotecnología,,UATx,Imputación histórica balanceada entre instituciones de Tlaxcala disponibles para la carrera
I-00306-00451,LEZLY PAOLA RIVERA RIVERA,Ingeniería en Biotecnología,,UPTx,Imputación histórica balanceada entre instituciones de Tlaxcala disponibles para la carrera
I-00329-00474,ANA LIZETH TEXIS XICOHTENCATL,Ingeniería en Biotecnología,,UATx,Imputación histórica balanceada entre instituciones de Tlaxcala disponibles para la carrera
P-00145-00571,SEBASTIAN HERNANDEZ MUÑOZ,Ingeniería en Biotecnología,,UPTx,Imputación histórica balanceada entre instituciones de Tlaxcala disponibles para la carrera
P-00147-00573,ROBERTO TLACHI PINEDA,Ingeniería en Biotecnología,,UATx,Imputación histórica balanceada entre instituciones de Tlaxcala disponibles para la carrera
I-00039-00180,DIANA LAURA MARIN SUAREZ,Ingeniería en Gestión Empresarial,,Instituto Tecnológico de Apizaco,Imputación histórica balanceada entre instituciones de Tlaxcala disponibles para la carrera
I-00208-00351,MIRIAM BAUTISTA PEREZ,Ingeniería en Gestión Empresarial,,UATx,Imputación histórica balanceada entre instituciones de Tlaxcala disponibles para la carrera
I-00272-00417,MAYTE GALVEZ MORALES,Ingeniería en Gestión Empresarial,,Instituto Tecnológico de Apizaco,Imputación histórica balanceada entre instituciones de Tlaxcala disponibles para la carrera
I-00316-00461,ALICIA ZISTECATL MARQUEZ,Ingeniería en Gestión Empresarial,,UATx,Imputación histórica balanceada entre instituciones de Tlaxcala disponibles para la carrera
I-00319-00464,JUAN CARLOS HERNANDEZ GUTIERREZ,Ingeniería en Gestión Empresarial,,Instituto Tecnológico de Apizaco,Imputación histórica balanceada entre instituciones de Tlaxcala disponibles para la carrera
I-00324-00469,MARGARITA SANCHEZ ARMENTA,Ingeniería en Gestión Empresarial,,UATx,Imputación histórica balanceada entre instituciones de Tlaxcala disponibles para la carrera
I-00367-00512,JAIR DONALDO TLAPALE GOMEZ,Ingeniería en Gestión Empresarial,,Instituto Tecnológico de Apizaco,Imputación histórica balanceada entre instituciones de Tlaxcala disponibles para la carrera
I-00381-00591,ESMERALDA PLUMA MUÑOZ,Ingeniería en Gestión Empresarial,,UATx,Imputación histórica balanceada entre instituciones de Tlaxcala disponibles para la carrera
I-00312-00457,FELIPE MENDEZ MARTINEZ,Ingeniería en Logística y Transporte,,UPTx,Imputación histórica balanceada entre instituciones de Tlaxcala disponibles para la carrera
I-00096-00238,VALENTIN MUÑOZ SANCHEZ,Ingeniería en Mantenimiento Industrial,,UTT,Imputación histórica balanceada entre instituciones de Tlaxcala disponibles para la carrera
I-00101-00243,CONSTANTINO PIOQUINTO GALINDO,Ingeniería en Sistemas Automotrices,,UATx,Imputación histórica balanceada entre instituciones de Tlaxcala disponibles para la carrera
I-00197-00340,JOSE DE JESUS MENESES PEREZ,Ingeniería en Sistemas Automotrices,,UPTx,Imputación histórica balanceada entre instituciones de Tlaxcala disponibles para la carrera
I-00281-00426,ARTURO ATONAL SANCHEZ,Ingeniería en Sistemas Automotrices,,UATx,Imputación histórica balanceada entre instituciones de Tlaxcala disponibles para la carrera
I-00283-00428,ADOLFO FLORES CUAHUTLE,Ingeniería en Sistemas Automotrices,,UPTx,Imputación histórica balanceada entre instituciones de Tlaxcala disponibles para la carrera
P-00127-00553,ESTEBAN DANIEL BARBA LOPEZ,Ingeniería en Sistemas Automotrices,,UATx,Imputación histórica balanceada entre instituciones de Tlaxcala disponibles para la carrera
I-00242-00387,ALAN ANGOA AVILA,Ingeniería en Sistemas Computacionales,,UATx,Imputación histórica balanceada entre instituciones de Tlaxcala disponibles para la carrera
I-00243-00388,IRIS CERON SOLIS,Ingeniería en Sistemas Computacionales,,UATx,Imputación histórica balanceada entre instituciones de Tlaxcala disponibles para la carrera
I-00379-00589,LUIS ANGEL JUAREZ GARCIA,Ingeniería en Sistemas Computacionales,,UATx,Imputación histórica balanceada entre instituciones de Tlaxcala disponibles para la carrera
I-00078-00220,JULIO ERNESTO MONTIEL PEREZ,Ingeniería en Tecnologías de la Información y Comunicación,,Instituto Tecnológico de Apizaco,Imputación histórica balanceada entre instituciones de Tlaxcala disponibles para la carrera
I-00087-00229,JESUS GARCIA PIÑA,Ingeniería en Tecnologías de la Información y Comunicación,,UPTREP,Imputación histórica balanceada entre instituciones de Tlaxcala disponibles para la carrera
I-00109-00251,YENNI JACQUELINE RODRIGUEZ SALDAÑA,Ingeniería en Tecnologías de la Información y Comunicación,,Instituto Tecnológico de Apizaco,Imputación histórica balanceada entre instituciones de Tlaxcala disponibles para la carrera
I-00311-00456,RICARDO VEGA PEREZ,Ingeniería en Tecnologías de la Información y Comunicación,,UPTREP,Imputación histórica balanceada entre instituciones de Tlaxcala disponibles para la carrera
P-00139-00565,ROMAN TECPA PEREZ,Ingeniería en Tecnologías de la Información y Comunicación,,Instituto Tecnológico de Apizaco,Imputación histórica balanceada entre instituciones de Tlaxcala disponibles para la carrera
I-00081-00223,MONSERRAT CUECUECHA VAZQUEZ,Logística y Transporte,,Instituto Tecnológico Superior de Tlaxco,Imputación histórica balanceada entre instituciones de Tlaxcala disponibles para la carrera
I-00098-00240,ELIZABETH ARENAS AVENDAÑO,Logística y Transporte,,UATx,Imputación histórica balanceada entre instituciones de Tlaxcala disponibles para la carrera
I-00102-00244,MICHELLE RODRIGUEZ HERNANDEZ,Logística y Transporte,,Instituto Tecnológico Superior de Tlaxco,Imputación histórica balanceada entre instituciones de Tlaxcala disponibles para la carrera
I-00247-00392,JOSE GUADALUPE MERINO MONDRAGON,Logística y Transporte,,UATx,Imputación histórica balanceada entre instituciones de Tlaxcala disponibles para la carrera
I-00267-00412,LUZ MARIA MARTINEZ VALEVIO,Logística y Transporte,,Instituto Tecnológico Superior de Tlaxco,Imputación histórica balanceada entre instituciones de Tlaxcala disponibles para la carrera
I-00280-00425,FATIMA MARLEN SANCHEZ HERNANDEZ,Logística y Transporte,,UATx,Imputación histórica balanceada entre instituciones de Tlaxcala disponibles para la carrera
I-00238-00383,CARLOS ALBERTO PEÑA ARRIAGA,Mantenimiento Industrial,,Instituto Tecnológico de Apizaco,Imputación histórica balanceada entre instituciones de Tlaxcala disponibles para la carrera
I-00260-00405,ALTOVELI TEMOLTZI VELAZQUEZ,Mantenimiento Industrial,,UVT,Imputación histórica balanceada entre instituciones de Tlaxcala disponibles para la carrera
I-00314-00459,ESTEFANIA MORENO CARREÑO,Mantenimiento Industrial,,Instituto Tecnológico de Apizaco,Imputación histórica balanceada entre instituciones de Tlaxcala disponibles para la carrera
P-00001-00002,ALEJANDRA LOPEZ MERINO,Negocios Internacionales,Indefinido,UPTx,Imputación histórica balanceada entre instituciones de Tlaxcala disponibles para la carrera
I-00122-00264,ITZEL GUADALUPE MUÑOZ JUAREZ MUÑOZ JUAREZ,Negocios Internacionales,,UPTx,Imputación histórica balanceada entre instituciones de Tlaxcala disponibles para la carrera
I-00133-00275,CORINA CALVARIO XOLOCOTZI,Negocios Internacionales,,UPTx,Imputación histórica balanceada entre instituciones de Tlaxcala disponibles para la carrera
I-00139-00281,ALEJANDRO ORTEGA BRIONES,Negocios Internacionales,,UPTx,Imputación histórica balanceada entre instituciones de Tlaxcala disponibles para la carrera
I-00140-00282,JUAN RAUL CONDE TORRES,Negocios Internacionales,,UPTx,Imputación histórica balanceada entre instituciones de Tlaxcala disponibles para la carrera
I-00164-00306,BRENDA DEGANTE DIAZ,Negocios Internacionales,,UPTx,Imputación histórica balanceada entre instituciones de Tlaxcala disponibles para la carrera
I-00218-00361,ALEJANDRA LOPEZ MERINO,Negocios Internacionales,,UPTx,Imputación histórica balanceada entre instituciones de Tlaxcala disponibles para la carrera
I-00286-00431,MICHEELY CUATEPOTZO LOAIZA,Negocios Internacionales,,UPTx,Imputación histórica balanceada entre instituciones de Tlaxcala disponibles para la carrera
I-00298-00443,DULCE MICHEL GONZALES MATAMOROS,Negocios Internacionales,,UPTx,Imputación histórica balanceada entre instituciones de Tlaxcala disponibles para la carrera
I-00336-00481,OSBALDO ATONAL SALAZAR,Negocios Internacionales,,UPTx,Imputación histórica balanceada entre instituciones de Tlaxcala disponibles para la carrera
P-00142-00568,PAOLA CAMARILLO AVILA,Negocios Internacionales,,UPTx,Imputación histórica balanceada entre instituciones de Tlaxcala disponibles para la carrera
P-00157-00583,ALLISON SANTA CRUZ ROMERO,Negocios Internacionales,,UPTx,Imputación histórica balanceada entre instituciones de Tlaxcala disponibles para la carrera
I-00463-00673,ALEJANDRO ORTEGA BRIONES,Negocios Internacionales,,UPTx,Imputación histórica balanceada entre instituciones de Tlaxcala disponibles para la carrera
I-00464-00674,JUAN RAUL CONDE TORRES,Negocios Internacionales,,UPTx,Imputación histórica balanceada entre instituciones de Tlaxcala disponibles para la carrera
I-00091-00233,ALAN GABRIEL PEREZ LOPEZ,Sin Información,,UVT,Imputación histórica balanceada entre instituciones de Tlaxcala disponibles para la carrera
I-00097-00239,ALMA JANETH ESPINOZA CARRERA,Sin Información,,UVT,Imputación histórica balanceada entre instituciones de Tlaxcala disponibles para la carrera
I-00123-00265,ABRIL RODRIGUEZ MORENO,Sin Información,,UVT,Imputación histórica balanceada entre instituciones de Tlaxcala disponibles para la carrera
I-00128-00270,KENIA MARTINEZ ROLDAN,Sin Información,,UVT,Imputación histórica balanceada entre instituciones de Tlaxcala disponibles para la carrera
I-00131-00273,BELEN GUADALUPE PEREZ REYES,Sin Información,,UVT,Imputación histórica balanceada entre instituciones de Tlaxcala disponibles para la carrera
I-00167-00309,MARCOS TEXIS MORALES,Sin Información,,UPTx,Imputación histórica balanceada entre instituciones de Tlaxcala disponibles para la carrera
I-00199-00342,BRUNO ALDAIR ACOLTZI FERNANDEZ,Sin Información,,UVT,Imputación histórica balanceada entre instituciones de Tlaxcala disponibles para la carrera
I-00200-00343,JAIME GONZALEZ HERNANDEZ,Sin Información,,UPTx,Imputación histórica balanceada entre instituciones de Tlaxcala disponibles para la carrera
I-00203-00346,MARIA LUISA CORONA FLORES,Sin Información,,UVT,Imputación histórica balanceada entre instituciones de Tlaxcala disponibles para la carrera
I-00206-00349,ARACELI YAMILE ISLAS JUAREZ,Sin Información,,UATx,Imputación histórica balanceada entre instituciones de Tlaxcala disponibles para la carrera
I-00207-00350,JAVIER VAZQUEZ RODRIGUEZ,Sin Información,,UPTx,Imputación histórica balanceada entre instituciones de Tlaxcala disponibles para la carrera
I-00235-00380,ABIGAIL RODRIGUEZ VALENCIA,Sin Información,,UVT,Imputación histórica balanceada entre instituciones de Tlaxcala disponibles para la carrera
I-00239-00384,ARLHETT ALEJANDRA TELLEZ GONZALEZ,Sin Información,,UATx,Imputación histórica balanceada entre instituciones de Tlaxcala disponibles para la carrera
I-00268-00413,GUADALUPE MONTES CASTILLO,Sin Información,,UPTx,Imputación histórica balanceada entre instituciones de Tlaxcala disponibles para la carrera
I-00274-00419,DIEGO ALBERTO CEJUDO MARTINEZ,Sin Información,,UVT,Imputación histórica balanceada entre instituciones de Tlaxcala disponibles para la carrera
I-00275-00420,HIGINIO ROBERTO FLORES LAGUNAS,Sin Información,,UATx,Imputación histórica balanceada entre instituciones de Tlaxcala disponibles para la carrera
I-00293-00438,ALEJANDRO PEREZ BERNAL,Sin Información,,UPTx,Imputación histórica balanceada entre instituciones de Tlaxcala disponibles para la carrera
I-00315-00460,JOSE ALFREDO PEREZ ZAMORA,Sin Información,,UVT,Imputación histórica balanceada entre instituciones de Tlaxcala disponibles para la carrera
I-00341-00486,MARIA EUGENIA CANSINO CEDEÑO,Sin Información,,UATx,Imputación histórica balanceada entre instituciones de Tlaxcala disponibles para la carrera
I-00342-00487,CHRISTIAN IGNACIO MORENO OLVERA,Sin Información,,UPTx,Imputación histórica balanceada entre instituciones de Tlaxcala disponibles para la carrera
I-00372-00517,MA ISABEL SANCHEZ HERNANDEZ,Sin Información,,UVT,Imputación histórica balanceada entre instituciones de Tlaxcala disponibles para la carrera
I-00382-00592,ANA LAURA HERNANDEZ CUAPIO,Sin Información,,UATx,Imputación histórica balanceada entre instituciones de Tlaxcala disponibles para la carrera
I-00480-00690,DEYBI SALAMANCA CRUZ,Sin Información,Indefinido,UPTx,Imputación histórica balanceada entre instituciones de Tlaxcala disponibles para la carrera
