id_persona,nombre,carrera,institucion_asignada,criterio
I-00103-00245,ROSALINDA ORTIZ,Gestión del Capital Humano,UTT,Oferta educativa de institución ubicada en Tlaxcala verificada en web
I-00130-00272,JOSE GERARDO LOPEZ MONTIEL,Gestión del Capital Humano,UTT,Oferta educativa de institución ubicada en Tlaxcala verificada en web
I-00322-00467,AXEL EDREY SOTELO MENDOZA,Gestión del Capital Humano,UTT,Oferta educativa de institución ubicada en Tlaxcala verificada en web
I-00080-00222,CARMEN ADRIANA LIMA SANCHEZ,Mercadotecnia,UTT,Oferta educativa de institución ubicada en Tlaxcala verificada en web
I-00434-00644,JORGE ENRIQUE CORONA LOPEZ,Mercadotecnia,UTT,Oferta educativa de institución ubicada en Tlaxcala verificada en web
I-00136-00278,KARLA ABIGAIL CONTRERAS HERNANDEZ,Mercadotecnia y Publicidad,Universidad del Altiplano,Oferta educativa de institución ubicada en Tlaxcala verificada en web
I-00460-00670,KARLA ABIGAIL CONTRERAS HERNANDEZ,Mercadotecnia y Publicidad,Universidad del Altiplano,Oferta educativa de institución ubicada en Tlaxcala verificada en web
I-00141-00283,BRENDA HUERTA MENDOZA,"Administración, Especialidad en Mercadotecnia",UATx,Oferta educativa de institución ubicada en Tlaxcala verificada en web
I-00421-00631,BRENDA HUERTA MENDOZA,"Administración, Especialidad en Mercadotecnia",UATx,Oferta educativa de institución ubicada en Tlaxcala verificada en web
I-00266-00411,CRISTIAN LOPEZ CATILLO,Comercio Internacional,Instituto Latinoamericano de Tlaxcala,Oferta educativa de institución ubicada en Tlaxcala verificada en web
P-00131-00557,HECTOR ALEJANDRO VELAZCO PEREZ,Comercio Internacional,Instituto Latinoamericano de Tlaxcala,Oferta educativa de institución ubicada en Tlaxcala verificada en web
I-00106-00248,ALONDRA CORONA HERRERA,Comercio Internacional y Aduanas,Instituto Latinoamericano de Tlaxcala,Oferta educativa de institución ubicada en Tlaxcala verificada en web
I-00236-00381,MARIA SARAY SANCHEZ MARTINEZ,Psicopedagogía,Universidad Metropolitana de Tlaxcala,Oferta educativa de institución ubicada en Tlaxcala verificada en web
P-00129-00555,DIDIER ZAMORA NOPHAL,Psicoterapia,UATx,Oferta educativa de institución ubicada en Tlaxcala verificada en web
P-00132-00558,CYNTHIA CAHUANTZI GARCIA,Gestión Empresarial,Instituto Tecnológico Superior de Tlaxco,Oferta educativa de institución ubicada en Tlaxcala verificada en web
I-00340-00485,IVONNE SALAMANCA RODRIGUEZ,Tecnologías de la Información y Comunicación,UTT,Oferta educativa de institución ubicada en Tlaxcala verificada en web
