id_persona,nombre,vinculacion,Año_anterior,fecha_registro_anterior,Año_imputado,criterio
A-00040-00176,FERNANDO CONEJO MONTUFAR,Atención,,,2022,Imputación histórica para completar años faltantes; distribución estratificada con crecimiento anual
I-00020-00158,JOSHE PATRICIO PEREZ CASTILLEJOS,Inserción Laboral,,,2022,Imputación histórica para completar años faltantes; distribución estratificada con crecimiento anual
P-00048-00106,JONATHAN HERNANDEZ HERNANDEZ,Prácticas Profesionales,,,2022,Imputación histórica para completar años faltantes; distribución estratificada con crecimiento anual
S-00001-00147,OSMAR APANCO GALVES,Servicio Social,,,2022,Imputación histórica para completar años faltantes; distribución estratificada con crecimiento anual
I-00021-00159,SAUL VAZQUEZ JIMENEZ,Inserción Laboral,,,2022,Imputación histórica para completar años faltantes; distribución estratificada con crecimiento anual
P-00049-00107,XIMENA PATRICIA ROMERO CONDE,Prácticas Profesionales,,,2022,Imputación histórica para completar años faltantes; distribución estratificada con crecimiento anual
S-00002-00148,JUAN CARLOS VAZQUEZ CONTRERAS,Servicio Social,,,2022,Imputación histórica para completar años faltantes; distribución estratificada con crecimiento anual
I-00022-00160,MOISES ROMERO NUÑEZ,Inserción Laboral,,,2022,Imputación histórica para completar años faltantes; distribución estratificada con crecimiento anual
P-00050-00108,ARLETH MONTES CERVANTES,Prácticas Profesionales,,,2022,Imputación histórica para completar años faltantes; distribución estratificada con crecimiento anual
S-00003-00149,DANIELA XOCHITEMOL ROMANO,Servicio Social,,,2022,Imputación histórica para completar años faltantes; distribución estratificada con crecimiento anual
I-00023-00161,JORGE PINO,Inserción Laboral,,,2022,Imputación histórica para completar años faltantes; distribución estratificada con crecimiento anual
P-00051-00109,ANDREA AVILES PEREZ,Prácticas Profesionales,,,2022,Imputación histórica para completar años faltantes; distribución estratificada con crecimiento anual
S-00007-00153,ALEXIA ZEMPOALTECA PAPACETZI,Servicio Social,,,2022,Imputación histórica para completar años faltantes; distribución estratificada con crecimiento anual
I-00038-00179,OSMAR MORALES,Inserción Laboral,,,2022,Imputación histórica para completar años faltantes; distribución estratificada con crecimiento anual
P-00052-00110,JUAN ALBERTO AGUILAR MENDIETA,Prácticas Profesionales,,,2022,Imputación histórica para completar años faltantes; distribución estratificada con crecimiento anual
I-00039-00180,DIANA LAURA MARIN SUAREZ,Inserción Laboral,,,2022,Imputación histórica para completar años faltantes; distribución estratificada con crecimiento anual
P-00053-00111,ALEXANDER OLVERA GONZALEZ,Prácticas Profesionales,,,2022,Imputación histórica para completar años faltantes; distribución estratificada con crecimiento anual
I-00040-00181,SERGIO IVAN CASTILLO RIVERA,Inserción Laboral,,,2022,Imputación histórica para completar años faltantes; distribución estratificada con crecimiento anual
P-00054-00112,YARELI SANCHEZ VALENCIA,Prácticas Profesionales,,,2022,Imputación histórica para completar años faltantes; distribución estratificada con crecimiento anual
I-00041-00182,DIANA ESMERALDA POSADAS BONILLA,Inserción Laboral,,,2022,Imputación histórica para completar años faltantes; distribución estratificada con crecimiento anual
P-00055-00113,CLAUDIA PAOLA COVARRUBIAS LARA,Prácticas Profesionales,,,2022,Imputación histórica para completar años faltantes; distribución estratificada con crecimiento anual
I-00042-00183,IRIS ROMERO PEREZ,Inserción Laboral,,,2022,Imputación histórica para completar años faltantes; distribución estratificada con crecimiento anual
P-00056-00114,HANNIA ESPERANZA OGARRIO HERNANDEZ,Prácticas Profesionales,,,2022,Imputación histórica para completar años faltantes; distribución estratificada con crecimiento anual
I-00043-00184,GUILLERMO GIL MENDEZ MONTIEL,Inserción Laboral,,,2022,Imputación histórica para completar años faltantes; distribución estratificada con crecimiento anual
P-00057-00115,MONTSERRAT SANTACRUZ SANCHEZ,Prácticas Profesionales,,,2022,Imputación histórica para completar años faltantes; distribución estratificada con crecimiento anual
I-00044-00185,MARIA LUISA SILVA MARIN,Inserción Laboral,,,2022,Imputación histórica para completar años faltantes; distribución estratificada con crecimiento anual
P-00058-00116,YAZMIN MORENO JIMENEZ,Prácticas Profesionales,,,2022,Imputación histórica para completar años faltantes; distribución estratificada con crecimiento anual
I-00045-00186,MAGDA CONSUELO CARRERA MORALES,Inserción Laboral,,,2022,Imputación histórica para completar años faltantes; distribución estratificada con crecimiento anual
P-00059-00117,GUADALUPE ABIGAIL HERNANDEZ ESTRADA,Prácticas Profesionales,,,2022,Imputación histórica para completar años faltantes; distribución estratificada con crecimiento anual
I-00046-00187,YESSENIA SASTRE PEREZ,Inserción Laboral,,,2022,Imputación histórica para completar años faltantes; distribución estratificada con crecimiento anual
P-00060-00118,ROBERTO CARLOS MUÑOZ MARAÑON,Prácticas Profesionales,,,2022,Imputación histórica para completar años faltantes; distribución estratificada con crecimiento anual
I-00047-00188,ANTONIO RUIZ CRUZ,Inserción Laboral,,,2022,Imputación histórica para completar años faltantes; distribución estratificada con crecimiento anual
P-00076-00134,CITLALI ARANETH LOPEZ RIOS,Prácticas Profesionales,,,2022,Imputación histórica para completar años faltantes; distribución estratificada con crecimiento anual
I-00048-00189,ANA LUCRECIA MAZA VILLA,Inserción Laboral,,,2023,Imputación histórica para completar años faltantes; distribución estratificada con crecimiento anual
P-00089-00217,ALEXIS HERNANDEZ SILVA,Prácticas Profesionales,,,2023,Imputación histórica para completar años faltantes; distribución estratificada con crecimiento anual
I-00049-00190,FROYLAN JUAREZ PEREZ,Inserción Laboral,,,2023,Imputación histórica para completar años faltantes; distribución estratificada con crecimiento anual
P-00090-00326,KARLA ESTEFANI SALDAÑA FORES,Prácticas Profesionales,,,2023,Imputación histórica para completar años faltantes; distribución estratificada con crecimiento anual
I-00050-00191,KAREN LOPEZ SOSA,Inserción Laboral,,,2023,Imputación histórica para completar años faltantes; distribución estratificada con crecimiento anual
P-00091-00362,ANAHI SORIA LOBATON,Prácticas Profesionales,,,2023,Imputación histórica para completar años faltantes; distribución estratificada con crecimiento anual
I-00051-00192,CAROLINA ARMAS ORTIZ,Inserción Laboral,,,2023,Imputación histórica para completar años faltantes; distribución estratificada con crecimiento anual
P-00092-00363,GERARDO CASALES GODINEZ,Prácticas Profesionales,,,2023,Imputación histórica para completar años faltantes; distribución estratificada con crecimiento anual
I-00052-00193,ANGELICA ANAHI HERNANDEZ QUIROZ,Inserción Laboral,,,2023,Imputación histórica para completar años faltantes; distribución estratificada con crecimiento anual
P-00093-00519,CRISTIAN ALDERETE GONZALEZ,Prácticas Profesionales,,,2023,Imputación histórica para completar años faltantes; distribución estratificada con crecimiento anual
I-00053-00194,ROCIO GUTIERREZ PRAXEDIS,Inserción Laboral,,,2023,Imputación histórica para completar años faltantes; distribución estratificada con crecimiento anual
P-00094-00520,DARIO ALEJANDRO FLORES DAVILA,Prácticas Profesionales,,,2023,Imputación histórica para completar años faltantes; distribución estratificada con crecimiento anual
I-00054-00195,EDUARDO MORENO ORTEGA,Inserción Laboral,,,2023,Imputación histórica para completar años faltantes; distribución estratificada con crecimiento anual
P-00095-00521,OSCAR URIEL HERNANDEZ REYES,Prácticas Profesionales,,,2023,Imputación histórica para completar años faltantes; distribución estratificada con crecimiento anual
I-00055-00196,JOSE DE JESUS HERNANDEZ MELO,Inserción Laboral,,,2023,Imputación histórica para completar años faltantes; distribución estratificada con crecimiento anual
P-00096-00522,MARIA GUADALUPE PAVON CUAPIO,Prácticas Profesionales,,,2023,Imputación histórica para completar años faltantes; distribución estratificada con crecimiento anual
I-00056-00197,LUIS GUSTAVO HERNANDEZ VALDEZ,Inserción Laboral,,,2023,Imputación histórica para completar años faltantes; distribución estratificada con crecimiento anual
P-00097-00523,DAVID SANCHEZ VAZQUEZ,Prácticas Profesionales,,,2023,Imputación histórica para completar años faltantes; distribución estratificada con crecimiento anual
I-00057-00198,ESTEFANIA CORONA TEOLINO,Inserción Laboral,,,2023,Imputación histórica para completar años faltantes; distribución estratificada con crecimiento anual
P-00098-00524,LIZBET GUADALUPE GARCIA HERNANDEZ,Prácticas Profesionales,,,2023,Imputación histórica para completar años faltantes; distribución estratificada con crecimiento anual
I-00058-00199,NAEILA ANAYA TORRES,Inserción Laboral,,,2023,Imputación histórica para completar años faltantes; distribución estratificada con crecimiento anual
P-00099-00525,AYDE GUTIERREZ MORA,Prácticas Profesionales,,,2023,Imputación histórica para completar años faltantes; distribución estratificada con crecimiento anual
I-00059-00200,BRANDON ARMANDO ZAMORA CHIMAL,Inserción Laboral,,,2023,Imputación histórica para completar años faltantes; distribución estratificada con crecimiento anual
P-00100-00526,CRISTINA PALACIOS GONZALEZ,Prácticas Profesionales,,,2023,Imputación histórica para completar años faltantes; distribución estratificada con crecimiento anual
I-00060-00201,FRANCISCO JAVIER JUAREZ GARCIA,Inserción Laboral,,,2023,Imputación histórica para completar años faltantes; distribución estratificada con crecimiento anual
P-00101-00527,ADOLFO ANGEL DIAZ CORONA,Prácticas Profesionales,,,2023,Imputación histórica para completar años faltantes; distribución estratificada con crecimiento anual
I-00061-00202,GLORIA ANDREA JUAREZ VILLALBA,Inserción Laboral,,,2023,Imputación histórica para completar años faltantes; distribución estratificada con crecimiento anual
P-00102-00528,OSCAR MARIANO MONTIEL GUTIERREZ,Prácticas Profesionales,,,2023,Imputación histórica para completar años faltantes; distribución estratificada con crecimiento anual
I-00062-00203,ARIADNA TLILAYATZI XOLOCOTZI,Inserción Laboral,,,2023,Imputación histórica para completar años faltantes; distribución estratificada con crecimiento anual
P-00103-00529,LUIS ANGEL CRUZ SANCHEZ,Prácticas Profesionales,,,2023,Imputación histórica para completar años faltantes; distribución estratificada con crecimiento anual
I-00063-00204,ITZMITL MONTSERRAT LOPEZ CARREON,Inserción Laboral,,,2023,Imputación histórica para completar años faltantes; distribución estratificada con crecimiento anual
P-00104-00530,ANDRES ANTONIO GARCIA,Prácticas Profesionales,,,2023,Imputación histórica para completar años faltantes; distribución estratificada con crecimiento anual
I-00064-00205,DIANA LAURA DE JESUS MUÑOZ,Inserción Laboral,,,2023,Imputación histórica para completar años faltantes; distribución estratificada con crecimiento anual
P-00105-00531,FERNANDO URIEL HERNANDEZ LAMAS,Prácticas Profesionales,,,2023,Imputación histórica para completar años faltantes; distribución estratificada con crecimiento anual
I-00065-00206,SHEYLA MIREYA ROMERO VELOZ,Inserción Laboral,,,2023,Imputación histórica para completar años faltantes; distribución estratificada con crecimiento anual
P-00106-00532,AIMARA BELEN SALAZAR CORONA,Prácticas Profesionales,,,2023,Imputación histórica para completar años faltantes; distribución estratificada con crecimiento anual
I-00066-00207,ARIANA JIMENEZ MEJIA,Inserción Laboral,,,2023,Imputación histórica para completar años faltantes; distribución estratificada con crecimiento anual
P-00107-00533,FELIPE DE JESUS CARMONA TEXIS,Prácticas Profesionales,,,2023,Imputación histórica para completar años faltantes; distribución estratificada con crecimiento anual
I-00067-00208,MARCOS JONATHAN SANCHEZ DAVILA,Inserción Laboral,,,2023,Imputación histórica para completar años faltantes; distribución estratificada con crecimiento anual
P-00108-00534,ALBA BRISA MUÑOZ XOCHITIOTZI,Prácticas Profesionales,,,2023,Imputación histórica para completar años faltantes; distribución estratificada con crecimiento anual
I-00068-00209,ANIBAL GALLO GUTIERREZ,Inserción Laboral,,,2023,Imputación histórica para completar años faltantes; distribución estratificada con crecimiento anual
P-00109-00535,NANCY TANIA GARCIA AGUILAR,Prácticas Profesionales,,,2023,Imputación histórica para completar años faltantes; distribución estratificada con crecimiento anual
I-00069-00210,MANOLO MENDOZA MENDIETA,Inserción Laboral,,,2023,Imputación histórica para completar años faltantes; distribución estratificada con crecimiento anual
P-00110-00536,AILED SALOME GARCIA,Prácticas Profesionales,,,2023,Imputación histórica para completar años faltantes; distribución estratificada con crecimiento anual
I-00070-00211,CESAR LUNA GONZALEZ,Inserción Laboral,,,2023,Imputación histórica para completar años faltantes; distribución estratificada con crecimiento anual
P-00111-00537,MARIO CERVANTEZ,Prácticas Profesionales,,,2023,Imputación histórica para completar años faltantes; distribución estratificada con crecimiento anual
I-00071-00212,ITZEL ANTONIO MENDEZ,Inserción Laboral,,,2023,Imputación histórica para completar años faltantes; distribución estratificada con crecimiento anual
P-00112-00538,DANA IZUMI PEREZ ABRIZ,Prácticas Profesionales,,,2023,Imputación histórica para completar años faltantes; distribución estratificada con crecimiento anual
I-00072-00213,ALEJANDRO ALBERTO MARAVILLA PEREZ,Inserción Laboral,,,2023,Imputación histórica para completar años faltantes; distribución estratificada con crecimiento anual
P-00113-00539,HECTOR FERNANDO CARMONA LARA,Prácticas Profesionales,,,2023,Imputación histórica para completar años faltantes; distribución estratificada con crecimiento anual
I-00073-00214,HEIDI EVELYN BENITEZ PEREZ,Inserción Laboral,,,2023,Imputación histórica para completar años faltantes; distribución estratificada con crecimiento anual
P-00114-00540,RAUL AHUATZI BELLO,Prácticas Profesionales,,,2023,Imputación histórica para completar años faltantes; distribución estratificada con crecimiento anual
I-00074-00215,MARIA MICHEL TEACALCO FLORES,Inserción Laboral,,,2023,Imputación histórica para completar años faltantes; distribución estratificada con crecimiento anual
P-00115-00541,LUIS ALBERTO BAUTISTA ROJO,Prácticas Profesionales,,,2023,Imputación histórica para completar años faltantes; distribución estratificada con crecimiento anual
I-00075-00216,ELBA ADRIANA ZAMUDIO MENESES,Inserción Laboral,,,2023,Imputación histórica para completar años faltantes; distribución estratificada con crecimiento anual
P-00116-00542,CINTHIA CUATECONTZI CONDE,Prácticas Profesionales,,,2023,Imputación histórica para completar años faltantes; distribución estratificada con crecimiento anual
I-00076-00218,DIANA MELISSA CUAMATZI AGUILAR,Inserción Laboral,,,2023,Imputación histórica para completar años faltantes; distribución estratificada con crecimiento anual
P-00117-00543,NATANAEL TONATIUH HERNANDEZ ORTEGA,Prácticas Profesionales,,,2023,Imputación histórica para completar años faltantes; distribución estratificada con crecimiento anual
I-00077-00219,CARMEN GARCIA PEREZ,Inserción Laboral,,,2023,Imputación histórica para completar años faltantes; distribución estratificada con crecimiento anual
P-00118-00544,DAVID DOMINGUEZ GARCIA,Prácticas Profesionales,,,2023,Imputación histórica para completar años faltantes; distribución estratificada con crecimiento anual
I-00078-00220,JULIO ERNESTO MONTIEL PEREZ,Inserción Laboral,,,2023,Imputación histórica para completar años faltantes; distribución estratificada con crecimiento anual
P-00119-00545,ARELI MARILI HERNANDEZ MENESES,Prácticas Profesionales,,,2023,Imputación histórica para completar años faltantes; distribución estratificada con crecimiento anual
I-00079-00221,KARLA JUDITH SOLA MENDOZA,Inserción Laboral,,,2023,Imputación histórica para completar años faltantes; distribución estratificada con crecimiento anual
P-00120-00546,GUSTAVO ROSETE TLAPALE,Prácticas Profesionales,,,2023,Imputación histórica para completar años faltantes; distribución estratificada con crecimiento anual
I-00080-00222,CARMEN ADRIANA LIMA SANCHEZ,Inserción Laboral,,,2023,Imputación histórica para completar años faltantes; distribución estratificada con crecimiento anual
P-00121-00547,REINA DAMIAN MORENO,Prácticas Profesionales,,,2023,Imputación histórica para completar años faltantes; distribución estratificada con crecimiento anual
I-00081-00223,MONSERRAT CUECUECHA VAZQUEZ,Inserción Laboral,,,2023,Imputación histórica para completar años faltantes; distribución estratificada con crecimiento anual
P-00122-00548,ZAID VAZQUEZ MICHEL,Prácticas Profesionales,,,2023,Imputación histórica para completar años faltantes; distribución estratificada con crecimiento anual
I-00082-00224,ANA GILDA GARCIA CEBALLOS,Inserción Laboral,,,2023,Imputación histórica para completar años faltantes; distribución estratificada con crecimiento anual
P-00123-00549,ARENITH TECPA AGUILAR,Prácticas Profesionales,,,2023,Imputación histórica para completar años faltantes; distribución estratificada con crecimiento anual
I-00083-00225,JOSE RAYMUNDO VELAZQUEZ MUÑOZ,Inserción Laboral,,,2023,Imputación histórica para completar años faltantes; distribución estratificada con crecimiento anual
P-00124-00550,DANIELA ALEJANDRA HERNANDEZ LECHUGA,Prácticas Profesionales,,,2023,Imputación histórica para completar años faltantes; distribución estratificada con crecimiento anual
I-00084-00226,JESUS MARQUEZ PEREZ,Inserción Laboral,,,2023,Imputación histórica para completar años faltantes; distribución estratificada con crecimiento anual
P-00125-00551,CRISTAL GUADALUPE VELAZQUEZ CERON,Prácticas Profesionales,,,2023,Imputación histórica para completar años faltantes; distribución estratificada con crecimiento anual
I-00085-00227,MONSERRAT TANECO MAGDALENO,Inserción Laboral,,,2023,Imputación histórica para completar años faltantes; distribución estratificada con crecimiento anual
P-00126-00552,AREMI LOPEZ JUAREZ,Prácticas Profesionales,,,2023,Imputación histórica para completar años faltantes; distribución estratificada con crecimiento anual
I-00086-00228,LIZZETH CORONA RAMIREZ,Inserción Laboral,,,2023,Imputación histórica para completar años faltantes; distribución estratificada con crecimiento anual
P-00127-00553,ESTEBAN DANIEL BARBA LOPEZ,Prácticas Profesionales,,,2023,Imputación histórica para completar años faltantes; distribución estratificada con crecimiento anual
I-00087-00229,JESUS GARCIA PIÑA,Inserción Laboral,,,2023,Imputación histórica para completar años faltantes; distribución estratificada con crecimiento anual
P-00128-00554,RAFAEL SANCHEZ TERAN,Prácticas Profesionales,,,2023,Imputación histórica para completar años faltantes; distribución estratificada con crecimiento anual
I-00088-00230,OSWSLDO MARQUEZ GARCIA,Inserción Laboral,,,2023,Imputación histórica para completar años faltantes; distribución estratificada con crecimiento anual
P-00129-00555,DIDIER ZAMORA NOPHAL,Prácticas Profesionales,,,2023,Imputación histórica para completar años faltantes; distribución estratificada con crecimiento anual
I-00089-00231,FERNANDO TELLEZ MAGDALENO,Inserción Laboral,,,2023,Imputación histórica para completar años faltantes; distribución estratificada con crecimiento anual
P-00130-00556,CHRISTOPHER SAGREGO VAZQUEZ,Prácticas Profesionales,,,2023,Imputación histórica para completar años faltantes; distribución estratificada con crecimiento anual
I-00090-00232,TRINIDAD GUADALUPE FERNANDEZ GARCIA,Inserción Laboral,,,2023,Imputación histórica para completar años faltantes; distribución estratificada con crecimiento anual
P-00131-00557,HECTOR ALEJANDRO VELAZCO PEREZ,Prácticas Profesionales,,,2023,Imputación histórica para completar años faltantes; distribución estratificada con crecimiento anual
I-00091-00233,ALAN GABRIEL PEREZ LOPEZ,Inserción Laboral,,,2023,Imputación histórica para completar años faltantes; distribución estratificada con crecimiento anual
P-00132-00558,CYNTHIA CAHUANTZI GARCIA,Prácticas Profesionales,,,2023,Imputación histórica para completar años faltantes; distribución estratificada con crecimiento anual
I-00092-00234,DAISSY KARINA SANCHEZ ALAZCANO,Inserción Laboral,,,2023,Imputación histórica para completar años faltantes; distribución estratificada con crecimiento anual
P-00133-00559,CRISTAL ROJAS RAMIREZ,Prácticas Profesionales,,,2023,Imputación histórica para completar años faltantes; distribución estratificada con crecimiento anual
I-00093-00235,JUAN MANUEL VAZQUEZ CERVANTES,Inserción Laboral,,,2023,Imputación histórica para completar años faltantes; distribución estratificada con crecimiento anual
P-00134-00560,VANIA TANECO MAGDALENO,Prácticas Profesionales,,,2023,Imputación histórica para completar años faltantes; distribución estratificada con crecimiento anual
I-00094-00236,SINAHI GONZALEZ GOYRI,Inserción Laboral,,,2023,Imputación histórica para completar años faltantes; distribución estratificada con crecimiento anual
P-00135-00561,LAURA LEON CHAMIZO,Prácticas Profesionales,,,2023,Imputación histórica para completar años faltantes; distribución estratificada con crecimiento anual
I-00095-00237,CECILIA VAZQUEZ SANCHEZ,Inserción Laboral,,,2023,Imputación histórica para completar años faltantes; distribución estratificada con crecimiento anual
P-00136-00562,SAUL VELA MUÑOZ,Prácticas Profesionales,,,2023,Imputación histórica para completar años faltantes; distribución estratificada con crecimiento anual
I-00096-00238,VALENTIN MUÑOZ SANCHEZ,Inserción Laboral,,,2023,Imputación histórica para completar años faltantes; distribución estratificada con crecimiento anual
P-00137-00563,ANEL HERNANDEZ HERNANDEZ,Prácticas Profesionales,,,2023,Imputación histórica para completar años faltantes; distribución estratificada con crecimiento anual
I-00097-00239,ALMA JANETH ESPINOZA CARRERA,Inserción Laboral,,,2023,Imputación histórica para completar años faltantes; distribución estratificada con crecimiento anual
P-00138-00564,MIRIAM JIMENEZ HERNANDEZ,Prácticas Profesionales,,,2023,Imputación histórica para completar años faltantes; distribución estratificada con crecimiento anual
I-00098-00240,ELIZABETH ARENAS AVENDAÑO,Inserción Laboral,,,2024,Imputación histórica para completar años faltantes; distribución estratificada con crecimiento anual
P-00139-00565,ROMAN TECPA PEREZ,Prácticas Profesionales,,,2024,Imputación histórica para completar años faltantes; distribución estratificada con crecimiento anual
I-00099-00241,GABRIELA SANLUIS HERNANDEZ,Inserción Laboral,,,2024,Imputación histórica para completar años faltantes; distribución estratificada con crecimiento anual
P-00140-00566,ROBERTO HAZIEL PORTILLA VILLA,Prácticas Profesionales,,,2024,Imputación histórica para completar años faltantes; distribución estratificada con crecimiento anual
I-00100-00242,JAQUELINE MOZO HERNANDEZ,Inserción Laboral,,,2024,Imputación histórica para completar años faltantes; distribución estratificada con crecimiento anual
P-00141-00567,HEIDI CUAHUTLE ROMANO,Prácticas Profesionales,,,2024,Imputación histórica para completar años faltantes; distribución estratificada con crecimiento anual
I-00101-00243,CONSTANTINO PIOQUINTO GALINDO,Inserción Laboral,,,2024,Imputación histórica para completar años faltantes; distribución estratificada con crecimiento anual
P-00142-00568,PAOLA CAMARILLO AVILA,Prácticas Profesionales,,,2024,Imputación histórica para completar años faltantes; distribución estratificada con crecimiento anual
I-00102-00244,MICHELLE RODRIGUEZ HERNANDEZ,Inserción Laboral,,,2024,Imputación histórica para completar años faltantes; distribución estratificada con crecimiento anual
P-00143-00569,KIMBERLY SISSY MONTIEL MELENDEZ,Prácticas Profesionales,,,2024,Imputación histórica para completar años faltantes; distribución estratificada con crecimiento anual
I-00103-00245,ROSALINDA ORTIZ,Inserción Laboral,,,2024,Imputación histórica para completar años faltantes; distribución estratificada con crecimiento anual
P-00144-00570,DIANA LAURA MUÑOZ LARA,Prácticas Profesionales,,,2024,Imputación histórica para completar años faltantes; distribución estratificada con crecimiento anual
I-00104-00246,ARELY FERNANDEZ VALENCIA,Inserción Laboral,,,2024,Imputación histórica para completar años faltantes; distribución estratificada con crecimiento anual
P-00145-00571,SEBASTIAN HERNANDEZ MUÑOZ,Prácticas Profesionales,,,2024,Imputación histórica para completar años faltantes; distribución estratificada con crecimiento anual
I-00105-00247,ANDREA ELIZABETH FRAGOSO DEL CARMEN,Inserción Laboral,,,2024,Imputación histórica para completar años faltantes; distribución estratificada con crecimiento anual
P-00146-00572,CONCEPCION VAZQUEZ CUAHUTLE,Prácticas Profesionales,,,2024,Imputación histórica para completar años faltantes; distribución estratificada con crecimiento anual
I-00106-00248,ALONDRA CORONA HERRERA,Inserción Laboral,,,2024,Imputación histórica para completar años faltantes; distribución estratificada con crecimiento anual
P-00147-00573,ROBERTO TLACHI PINEDA,Prácticas Profesionales,,,2024,Imputación histórica para completar años faltantes; distribución estratificada con crecimiento anual
I-00107-00249,SUSANA SANCHEZ OLIVARES,Inserción Laboral,,,2024,Imputación histórica para completar años faltantes; distribución estratificada con crecimiento anual
P-00148-00574,CRISTIAN JAIR LOPEZ SANLUIS,Prácticas Profesionales,,,2024,Imputación histórica para completar años faltantes; distribución estratificada con crecimiento anual
I-00108-00250,CARLOS DAVID FERNANDEZ ZAMORA,Inserción Laboral,,,2024,Imputación histórica para completar años faltantes; distribución estratificada con crecimiento anual
P-00149-00575,OSWALDO MEJIA,Prácticas Profesionales,,,2024,Imputación histórica para completar años faltantes; distribución estratificada con crecimiento anual
I-00109-00251,YENNI JACQUELINE RODRIGUEZ SALDAÑA,Inserción Laboral,,,2024,Imputación histórica para completar años faltantes; distribución estratificada con crecimiento anual
P-00150-00576,GUSTAVO GALDINO ALONSO PEREZ,Prácticas Profesionales,,,2024,Imputación histórica para completar años faltantes; distribución estratificada con crecimiento anual
I-00110-00252,ERICK HERNANDEZ REYES,Inserción Laboral,,,2024,Imputación histórica para completar años faltantes; distribución estratificada con crecimiento anual
P-00151-00577,CAMILO ZARATE COYOTZI,Prácticas Profesionales,,,2024,Imputación histórica para completar años faltantes; distribución estratificada con crecimiento anual
I-00111-00253,FERNANDO GOMEZ CASILLAS,Inserción Laboral,,,2024,Imputación histórica para completar años faltantes; distribución estratificada con crecimiento anual
P-00152-00578,FERNANDO MIRANDA MILLAN,Prácticas Profesionales,,,2024,Imputación histórica para completar años faltantes; distribución estratificada con crecimiento anual
I-00112-00254,PAOLA GONZALEZ SANCHEZ,Inserción Laboral,,,2024,Imputación histórica para completar años faltantes; distribución estratificada con crecimiento anual
P-00153-00579,LUIS ANGEL BAUTISTA PEREZ,Prácticas Profesionales,,,2024,Imputación histórica para completar años faltantes; distribución estratificada con crecimiento anual
I-00113-00255,LORENA PAREDES NAVA,Inserción Laboral,,,2024,Imputación histórica para completar años faltantes; distribución estratificada con crecimiento anual
P-00154-00580,MARIA TERESITA CONDE,Prácticas Profesionales,,,2024,Imputación histórica para completar años faltantes; distribución estratificada con crecimiento anual
I-00114-00256,ALEJANDRA EDITH SOLANO SANCHEZ,Inserción Laboral,,,2024,Imputación histórica para completar años faltantes; distribución estratificada con crecimiento anual
P-00155-00581,KARLA DIAZ GABI,Prácticas Profesionales,,,2024,Imputación histórica para completar años faltantes; distribución estratificada con crecimiento anual
I-00115-00257,JOSE ANGEL PAPALOTZI VIVANCO,Inserción Laboral,,,2024,Imputación histórica para completar años faltantes; distribución estratificada con crecimiento anual
P-00156-00582,BRANDON BAUTISTA SANDOVAL,Prácticas Profesionales,,,2024,Imputación histórica para completar años faltantes; distribución estratificada con crecimiento anual
I-00116-00258,KAREN SHAMED AGUILAR GARCIA,Inserción Laboral,,,2024,Imputación histórica para completar años faltantes; distribución estratificada con crecimiento anual
P-00157-00583,ALLISON SANTA CRUZ ROMERO,Prácticas Profesionales,,,2024,Imputación histórica para completar años faltantes; distribución estratificada con crecimiento anual
I-00117-00259,CARLOS D'ARLO SANCHEZ ARMAS,Inserción Laboral,,,2024,Imputación histórica para completar años faltantes; distribución estratificada con crecimiento anual
I-00118-00260,JOSE DE JESUS MORENO HERNANDEZ,Inserción Laboral,,,2024,Imputación histórica para completar años faltantes; distribución estratificada con crecimiento anual
I-00119-00261,MERARI CORTES SANCHEZ,Inserción Laboral,,,2024,Imputación histórica para completar años faltantes; distribución estratificada con crecimiento anual
I-00120-00262,PAULA FLORES RAMIREZ,Inserción Laboral,,,2024,Imputación histórica para completar años faltantes; distribución estratificada con crecimiento anual
I-00121-00263,ALINE APALE CALVILLO,Inserción Laboral,,,2024,Imputación histórica para completar años faltantes; distribución estratificada con crecimiento anual
I-00122-00264,ITZEL GUADALUPE MUÑOZ JUAREZ MUÑOZ JUAREZ,Inserción Laboral,,,2024,Imputación histórica para completar años faltantes; distribución estratificada con crecimiento anual
I-00123-00265,ABRIL RODRIGUEZ MORENO,Inserción Laboral,,,2024,Imputación histórica para completar años faltantes; distribución estratificada con crecimiento anual
I-00124-00266,LEYDI MARTINEZ ROMERO,Inserción Laboral,,,2024,Imputación histórica para completar años faltantes; distribución estratificada con crecimiento anual
I-00125-00267,ERICK ANTONIO SANCHEZ ZUÑIGA,Inserción Laboral,,,2024,Imputación histórica para completar años faltantes; distribución estratificada con crecimiento anual
I-00126-00268,JAIME DOMINGUEZ MORA,Inserción Laboral,,,2024,Imputación histórica para completar años faltantes; distribución estratificada con crecimiento anual
I-00127-00269,FABIOLA CUATIANQUIZ VASQUEZ,Inserción Laboral,,,2024,Imputación histórica para completar años faltantes; distribución estratificada con crecimiento anual
I-00128-00270,KENIA MARTINEZ ROLDAN,Inserción Laboral,,,2024,Imputación histórica para completar años faltantes; distribución estratificada con crecimiento anual
I-00129-00271,YARIM YOALI CORTES MONTAÑO,Inserción Laboral,,,2024,Imputación histórica para completar años faltantes; distribución estratificada con crecimiento anual
I-00130-00272,JOSE GERARDO LOPEZ MONTIEL,Inserción Laboral,,,2024,Imputación histórica para completar años faltantes; distribución estratificada con crecimiento anual
I-00131-00273,BELEN GUADALUPE PEREZ REYES,Inserción Laboral,,,2024,Imputación histórica para completar años faltantes; distribución estratificada con crecimiento anual
I-00132-00274,EDGAR LOPEZ ACAMETITLA,Inserción Laboral,,,2024,Imputación histórica para completar años faltantes; distribución estratificada con crecimiento anual
I-00133-00275,CORINA CALVARIO XOLOCOTZI,Inserción Laboral,,,2024,Imputación histórica para completar años faltantes; distribución estratificada con crecimiento anual
I-00134-00276,ARTURO MANI CORTE,Inserción Laboral,,,2024,Imputación histórica para completar años faltantes; distribución estratificada con crecimiento anual
I-00135-00277,DOLORES VILLORDO SANCHEZ,Inserción Laboral,,,2024,Imputación histórica para completar años faltantes; distribución estratificada con crecimiento anual
I-00136-00278,KARLA ABIGAIL CONTRERAS HERNANDEZ,Inserción Laboral,,,2024,Imputación histórica para completar años faltantes; distribución estratificada con crecimiento anual
I-00137-00279,EDGAR RAMIREZ,Inserción Laboral,,,2024,Imputación histórica para completar años faltantes; distribución estratificada con crecimiento anual
I-00138-00280,ANA PAOLA CORTEZ GENERO,Inserción Laboral,,,2024,Imputación histórica para completar años faltantes; distribución estratificada con crecimiento anual
I-00139-00281,ALEJANDRO ORTEGA BRIONES,Inserción Laboral,,,2024,Imputación histórica para completar años faltantes; distribución estratificada con crecimiento anual
I-00140-00282,JUAN RAUL CONDE TORRES,Inserción Laboral,,,2024,Imputación histórica para completar años faltantes; distribución estratificada con crecimiento anual
I-00141-00283,BRENDA HUERTA MENDOZA,Inserción Laboral,,,2024,Imputación histórica para completar años faltantes; distribución estratificada con crecimiento anual
I-00142-00284,YADIRA SANCHEZ CAMARILLO,Inserción Laboral,,,2024,Imputación histórica para completar años faltantes; distribución estratificada con crecimiento anual
I-00143-00285,ARACELY SERRANO ANTONIO,Inserción Laboral,,,2024,Imputación histórica para completar años faltantes; distribución estratificada con crecimiento anual
I-00144-00286,KEVIN EXAU SANCHEZ,Inserción Laboral,,,2024,Imputación histórica para completar años faltantes; distribución estratificada con crecimiento anual
I-00145-00287,BEATRIZ ELIA LARA ROJAS,Inserción Laboral,,,2024,Imputación histórica para completar años faltantes; distribución estratificada con crecimiento anual
I-00146-00288,ELISA JUAREZ TEXIS,Inserción Laboral,,,2024,Imputación histórica para completar años faltantes; distribución estratificada con crecimiento anual
I-00147-00289,LISSETE CAMACHO VIXTO,Inserción Laboral,,,2024,Imputación histórica para completar años faltantes; distribución estratificada con crecimiento anual
I-00148-00290,TERESA CAHUANTZI,Inserción Laboral,,,2024,Imputación histórica para completar años faltantes; distribución estratificada con crecimiento anual
I-00149-00291,ALESANDRA MUÑOZ GEORGE,Inserción Laboral,,,2024,Imputación histórica para completar años faltantes; distribución estratificada con crecimiento anual
I-00150-00292,MARTINA CAJICO ZARATE,Inserción Laboral,,,2024,Imputación histórica para completar años faltantes; distribución estratificada con crecimiento anual
I-00151-00293,ALBERTO POLVO ANDRADE,Inserción Laboral,,,2024,Imputación histórica para completar años faltantes; distribución estratificada con crecimiento anual
I-00152-00294,VICTOR HUGO GUTIERREZ CAHUANTZI,Inserción Laboral,,,2024,Imputación histórica para completar años faltantes; distribución estratificada con crecimiento anual
I-00153-00295,JUAN ALBERTO ISLAS DIAZ,Inserción Laboral,,,2024,Imputación histórica para completar años faltantes; distribución estratificada con crecimiento anual
I-00154-00296,ANDRES CUAHUTENCOS MORALES,Inserción Laboral,,,2024,Imputación histórica para completar años faltantes; distribución estratificada con crecimiento anual
I-00155-00297,JISSEL MARTINEZ NAVA,Inserción Laboral,,,2024,Imputación histórica para completar años faltantes; distribución estratificada con crecimiento anual
I-00156-00298,ANTONIO PEREZ SANTAMARIA,Inserción Laboral,,,2024,Imputación histórica para completar años faltantes; distribución estratificada con crecimiento anual
I-00157-00299,YAMILET LOPEZ,Inserción Laboral,,,2024,Imputación histórica para completar años faltantes; distribución estratificada con crecimiento anual
I-00158-00300,SARAI SARMIENTO ARMENTA,Inserción Laboral,,,2024,Imputación histórica para completar años faltantes; distribución estratificada con crecimiento anual
I-00159-00301,JOSE JUAN BERNAL JIMENEZ,Inserción Laboral,,,2024,Imputación histórica para completar años faltantes; distribución estratificada con crecimiento anual
I-00160-00302,ELEAZAR CARRERA GUZMAN,Inserción Laboral,,,2024,Imputación histórica para completar años faltantes; distribución estratificada con crecimiento anual
I-00161-00303,ABDIEL VALENTIN SANTIAGO ORTEGA,Inserción Laboral,,,2024,Imputación histórica para completar años faltantes; distribución estratificada con crecimiento anual
I-00162-00304,DANA MICHEL RAMIREZ PEREZ,Inserción Laboral,,,2024,Imputación histórica para completar años faltantes; distribución estratificada con crecimiento anual
I-00163-00305,EDGAR RAMIREZ ALVAREZ,Inserción Laboral,,,2024,Imputación histórica para completar años faltantes; distribución estratificada con crecimiento anual
I-00164-00306,BRENDA DEGANTE DIAZ,Inserción Laboral,,,2024,Imputación histórica para completar años faltantes; distribución estratificada con crecimiento anual
I-00165-00307,ITZEL BUENAVISTA BUSTAMANTE,Inserción Laboral,,,2024,Imputación histórica para completar años faltantes; distribución estratificada con crecimiento anual
I-00166-00308,EDUARDO LEIVA SANCHEZ,Inserción Laboral,,,2024,Imputación histórica para completar años faltantes; distribución estratificada con crecimiento anual
I-00167-00309,MARCOS TEXIS MORALES,Inserción Laboral,,,2024,Imputación histórica para completar años faltantes; distribución estratificada con crecimiento anual
I-00168-00310,JAQUELINE HERNANDEZ FERNANDEZ,Inserción Laboral,,,2024,Imputación histórica para completar años faltantes; distribución estratificada con crecimiento anual
I-00169-00311,ALAN JAIR DE JESUS VAZQUEZ,Inserción Laboral,,,2024,Imputación histórica para completar años faltantes; distribución estratificada con crecimiento anual
I-00170-00312,JONATHAN FLORES FLORES,Inserción Laboral,,,2024,Imputación histórica para completar años faltantes; distribución estratificada con crecimiento anual
I-00171-00313,TANIA ABRIL UGARTE HERRERA,Inserción Laboral,,,2024,Imputación histórica para completar años faltantes; distribución estratificada con crecimiento anual
I-00172-00314,EDITH TLAPALAMATL RODRIGUEZ,Inserción Laboral,,,2024,Imputación histórica para completar años faltantes; distribución estratificada con crecimiento anual
I-00173-00315,AGUSTIN ALEJANDRO CORTES PERALTA,Inserción Laboral,,,2024,Imputación histórica para completar años faltantes; distribución estratificada con crecimiento anual
I-00174-00316,BERENICE MORALES,Inserción Laboral,,,2024,Imputación histórica para completar años faltantes; distribución estratificada con crecimiento anual
I-00175-00317,ARIANA LIZETH LAVOINET SANCHEZ,Inserción Laboral,,,2024,Imputación histórica para completar años faltantes; distribución estratificada con crecimiento anual
I-00176-00318,ESLY HAZEL HUERTA SANCHEZ,Inserción Laboral,,,2024,Imputación histórica para completar años faltantes; distribución estratificada con crecimiento anual
I-00177-00319,JUAN PABLO GARCIA CHAMA,Inserción Laboral,,,2024,Imputación histórica para completar años faltantes; distribución estratificada con crecimiento anual
I-00178-00320,LESLY YAMILE DIAZ ZEPEDA,Inserción Laboral,,,2024,Imputación histórica para completar años faltantes; distribución estratificada con crecimiento anual
I-00179-00321,MARIA DEL ROSARIO CHAVARRIA LEZAMA,Inserción Laboral,,,2024,Imputación histórica para completar años faltantes; distribución estratificada con crecimiento anual
I-00180-00322,MARIA BELEN ROJAS SANCHEZ,Inserción Laboral,,,2024,Imputación histórica para completar años faltantes; distribución estratificada con crecimiento anual
I-00181-00323,YARA IXCHEL BONILLA MALDONADO,Inserción Laboral,,,2024,Imputación histórica para completar años faltantes; distribución estratificada con crecimiento anual
I-00182-00324,LESLY DAFNE DE GANTE PALAFOX,Inserción Laboral,,,2024,Imputación histórica para completar años faltantes; distribución estratificada con crecimiento anual
I-00183-00325,CESAR AUGUSTO VAZQUEZ CORDERO,Inserción Laboral,,,2024,Imputación histórica para completar años faltantes; distribución estratificada con crecimiento anual
I-00184-00327,MARIA FERNANDA LOPEZ ALDECO,Inserción Laboral,,,2024,Imputación histórica para completar años faltantes; distribución estratificada con crecimiento anual
I-00185-00328,ESAU RAMIREZ MARTINEZ,Inserción Laboral,,,2024,Imputación histórica para completar años faltantes; distribución estratificada con crecimiento anual
I-00186-00329,JAQUELINE SANCHEZ LOPEZ,Inserción Laboral,,,2024,Imputación histórica para completar años faltantes; distribución estratificada con crecimiento anual
I-00187-00330,HABID LOPEZ MONTES,Inserción Laboral,,,2024,Imputación histórica para completar años faltantes; distribución estratificada con crecimiento anual
I-00188-00331,DANNA STTEPHANY VILLADONGA SANCHEZ,Inserción Laboral,,,2024,Imputación histórica para completar años faltantes; distribución estratificada con crecimiento anual
I-00189-00332,MIGUEL ANGEL GARCIA CANO,Inserción Laboral,,,2024,Imputación histórica para completar años faltantes; distribución estratificada con crecimiento anual
I-00190-00333,EDUARDO GODINEZ CABRERA,Inserción Laboral,,,2024,Imputación histórica para completar años faltantes; distribución estratificada con crecimiento anual
I-00191-00334,ANTONIO DE JESUS ARCINIEGA TORRES,Inserción Laboral,,,2024,Imputación histórica para completar años faltantes; distribución estratificada con crecimiento anual
I-00192-00335,HORACIO PALAFOX RAMOS,Inserción Laboral,,,2024,Imputación histórica para completar años faltantes; distribución estratificada con crecimiento anual
I-00193-00336,XIMENA SANCHEZ MORALES,Inserción Laboral,,,2024,Imputación histórica para completar años faltantes; distribución estratificada con crecimiento anual
I-00194-00337,CESAR JAVIER CASTILLO GALLARDO,Inserción Laboral,,,2024,Imputación histórica para completar años faltantes; distribución estratificada con crecimiento anual
I-00195-00338,OSCAR CRUZ MALDONADO,Inserción Laboral,,,2024,Imputación histórica para completar años faltantes; distribución estratificada con crecimiento anual
I-00196-00339,MARIA GUADALUPE AGUILA FERNANDEZ,Inserción Laboral,,,2024,Imputación histórica para completar años faltantes; distribución estratificada con crecimiento anual
I-00197-00340,JOSE DE JESUS MENESES PEREZ,Inserción Laboral,,,2024,Imputación histórica para completar años faltantes; distribución estratificada con crecimiento anual
I-00198-00341,LAURA ESTELA RODRIGUEZ JIMENEZ,Inserción Laboral,,,2024,Imputación histórica para completar años faltantes; distribución estratificada con crecimiento anual
I-00199-00342,BRUNO ALDAIR ACOLTZI FERNANDEZ,Inserción Laboral,,,2024,Imputación histórica para completar años faltantes; distribución estratificada con crecimiento anual
I-00200-00343,JAIME GONZALEZ HERNANDEZ,Inserción Laboral,,,2024,Imputación histórica para completar años faltantes; distribución estratificada con crecimiento anual
I-00201-00344,ALBERTO ANAEL SOLAS AGUOLA,Inserción Laboral,,,2024,Imputación histórica para completar años faltantes; distribución estratificada con crecimiento anual
I-00202-00345,ESTEFANY PEREZ FLORES,Inserción Laboral,,,2024,Imputación histórica para completar años faltantes; distribución estratificada con crecimiento anual
I-00203-00346,MARIA LUISA CORONA FLORES,Inserción Laboral,,,2024,Imputación histórica para completar años faltantes; distribución estratificada con crecimiento anual
I-00204-00347,LUCIANO MONTIEL RAMOS,Inserción Laboral,,,2024,Imputación histórica para completar años faltantes; distribución estratificada con crecimiento anual
I-00205-00348,CASANDRA HERNANDEZ ORTEGA,Inserción Laboral,,,2024,Imputación histórica para completar años faltantes; distribución estratificada con crecimiento anual
I-00206-00349,ARACELI YAMILE ISLAS JUAREZ,Inserción Laboral,,,2024,Imputación histórica para completar años faltantes; distribución estratificada con crecimiento anual
I-00207-00350,JAVIER VAZQUEZ RODRIGUEZ,Inserción Laboral,,,2024,Imputación histórica para completar años faltantes; distribución estratificada con crecimiento anual
I-00208-00351,MIRIAM BAUTISTA PEREZ,Inserción Laboral,,,2024,Imputación histórica para completar años faltantes; distribución estratificada con crecimiento anual
I-00209-00352,AARON JESUS FALCON ORTIZ,Inserción Laboral,,,2024,Imputación histórica para completar años faltantes; distribución estratificada con crecimiento anual
I-00210-00353,FRANSUE CABRERA DELGADO,Inserción Laboral,,,2024,Imputación histórica para completar años faltantes; distribución estratificada con crecimiento anual
I-00211-00354,ADRIAN CANO DE LA ROSA,Inserción Laboral,,,2024,Imputación histórica para completar años faltantes; distribución estratificada con crecimiento anual
I-00212-00355,EDWIN PEREZ LARA,Inserción Laboral,,,2024,Imputación histórica para completar años faltantes; distribución estratificada con crecimiento anual
I-00213-00356,NOE MENA SANCHEZ,Inserción Laboral,,,2024,Imputación histórica para completar años faltantes; distribución estratificada con crecimiento anual
I-00214-00357,FATIMA GONZALEZ GUEVARA,Inserción Laboral,,,2024,Imputación histórica para completar años faltantes; distribución estratificada con crecimiento anual
I-00215-00358,BRENDA BRIONES GALAVIZ,Inserción Laboral,,,2024,Imputación histórica para completar años faltantes; distribución estratificada con crecimiento anual
I-00216-00359,ANDREA ESMERALDA OLIVARES CORICHI,Inserción Laboral,,,2024,Imputación histórica para completar años faltantes; distribución estratificada con crecimiento anual
I-00217-00360,ISABEL LOPEZ HERNANDEZ,Inserción Laboral,,,2024,Imputación histórica para completar años faltantes; distribución estratificada con crecimiento anual
I-00218-00361,ALEJANDRA LOPEZ MERINO,Inserción Laboral,,,2024,Imputación histórica para completar años faltantes; distribución estratificada con crecimiento anual
I-00219-00364,MARIA JANNETT TORRES PATIÑO,Inserción Laboral,,,2025,Imputación histórica para completar años faltantes; distribución estratificada con crecimiento anual
I-00220-00365,CARLOS ANDRES ROJAS MILA,Inserción Laboral,,,2025,Imputación histórica para completar años faltantes; distribución estratificada con crecimiento anual
I-00221-00366,JANET ANGEL ANGEL,Inserción Laboral,,,2025,Imputación histórica para completar años faltantes; distribución estratificada con crecimiento anual
I-00222-00367,ARTURO DIAZ VAZQUEZ,Inserción Laboral,,,2025,Imputación histórica para completar años faltantes; distribución estratificada con crecimiento anual
I-00223-00368,MARIA FERNANDA ROBLES HERNANDEZ,Inserción Laboral,,,2025,Imputación histórica para completar años faltantes; distribución estratificada con crecimiento anual
I-00224-00369,SILVIA SINAHI MORALES HERNANDEZ,Inserción Laboral,,,2025,Imputación histórica para completar años faltantes; distribución estratificada con crecimiento anual
I-00225-00370,DANIELA GONZALEZ SALDAÑA,Inserción Laboral,,,2025,Imputación histórica para completar años faltantes; distribución estratificada con crecimiento anual
I-00226-00371,LISSET GUADALUPE CARRILLO MARTINEZ,Inserción Laboral,,,2025,Imputación histórica para completar años faltantes; distribución estratificada con crecimiento anual
I-00227-00372,LUIS DANIEL ALTAMIRANO HERNANDEZ,Inserción Laboral,,,2025,Imputación histórica para completar años faltantes; distribución estratificada con crecimiento anual
I-00228-00373,YERENNISSEY MEDINA PEREZ,Inserción Laboral,,,2025,Imputación histórica para completar años faltantes; distribución estratificada con crecimiento anual
I-00229-00374,NANCY CITLALY ZAMORA MILA,Inserción Laboral,,,2025,Imputación histórica para completar años faltantes; distribución estratificada con crecimiento anual
I-00230-00375,ULISES PATLANI ESPINOZA,Inserción Laboral,,,2025,Imputación histórica para completar años faltantes; distribución estratificada con crecimiento anual
I-00231-00376,CAROLINA BONILLA ESPINOSA,Inserción Laboral,,,2025,Imputación histórica para completar años faltantes; distribución estratificada con crecimiento anual
I-00232-00377,GUADALUPE JIMENEZ CUEVAS,Inserción Laboral,,,2025,Imputación histórica para completar años faltantes; distribución estratificada con crecimiento anual
I-00233-00378,BIBIANA LOPEZ GARCIA,Inserción Laboral,,,2025,Imputación histórica para completar años faltantes; distribución estratificada con crecimiento anual
I-00234-00379,JOSE JUAN QUECHOL SANCHEZ,Inserción Laboral,,,2025,Imputación histórica para completar años faltantes; distribución estratificada con crecimiento anual
I-00235-00380,ABIGAIL RODRIGUEZ VALENCIA,Inserción Laboral,,,2025,Imputación histórica para completar años faltantes; distribución estratificada con crecimiento anual
I-00236-00381,MARIA SARAY SANCHEZ MARTINEZ,Inserción Laboral,,,2025,Imputación histórica para completar años faltantes; distribución estratificada con crecimiento anual
I-00237-00382,JOSE ANTONIO MONTERO LOPEZ,Inserción Laboral,,,2025,Imputación histórica para completar años faltantes; distribución estratificada con crecimiento anual
I-00238-00383,CARLOS ALBERTO PEÑA ARRIAGA,Inserción Laboral,,,2025,Imputación histórica para completar años faltantes; distribución estratificada con crecimiento anual
I-00239-00384,ARLHETT ALEJANDRA TELLEZ GONZALEZ,Inserción Laboral,,,2025,Imputación histórica para completar años faltantes; distribución estratificada con crecimiento anual
I-00240-00385,GUSTAVO RAMIREZ PARRAGUIRRE,Inserción Laboral,,,2025,Imputación histórica para completar años faltantes; distribución estratificada con crecimiento anual
I-00241-00386,JOSE CARLOS RUIZ ROMERO,Inserción Laboral,,,2025,Imputación histórica para completar años faltantes; distribución estratificada con crecimiento anual
I-00242-00387,ALAN ANGOA AVILA,Inserción Laboral,,,2025,Imputación histórica para completar años faltantes; distribución estratificada con crecimiento anual
I-00243-00388,IRIS CERON SOLIS,Inserción Laboral,,,2025,Imputación histórica para completar años faltantes; distribución estratificada con crecimiento anual
I-00244-00389,LAURA XIMENA DEGANTE GONZALES,Inserción Laboral,,,2025,Imputación histórica para completar años faltantes; distribución estratificada con crecimiento anual
I-00245-00390,RENATO BALDERAS GONZALES,Inserción Laboral,,,2025,Imputación histórica para completar años faltantes; distribución estratificada con crecimiento anual
I-00246-00391,ANGELES VEDOYA HERNANDEZ,Inserción Laboral,,,2025,Imputación histórica para completar años faltantes; distribución estratificada con crecimiento anual
I-00247-00392,JOSE GUADALUPE MERINO MONDRAGON,Inserción Laboral,,,2025,Imputación histórica para completar años faltantes; distribución estratificada con crecimiento anual
I-00248-00393,ALEJANDRA TABALES CUEVAS,Inserción Laboral,,,2025,Imputación histórica para completar años faltantes; distribución estratificada con crecimiento anual
I-00249-00394,ELIA LUCIA TABALES CUEVAS,Inserción Laboral,,,2025,Imputación histórica para completar años faltantes; distribución estratificada con crecimiento anual
I-00250-00395,LAURA LIDIA MARIANO VAZQUEZ,Inserción Laboral,,,2025,Imputación histórica para completar años faltantes; distribución estratificada con crecimiento anual
I-00251-00396,MARLETT GUADALUPE CERVANTES CARMONA,Inserción Laboral,,,2025,Imputación histórica para completar años faltantes; distribución estratificada con crecimiento anual
I-00252-00397,JULIO CESAR LEAN MONTIEL,Inserción Laboral,,,2025,Imputación histórica para completar años faltantes; distribución estratificada con crecimiento anual
I-00253-00398,JUAN SANCHEZ PLUMA,Inserción Laboral,,,2025,Imputación histórica para completar años faltantes; distribución estratificada con crecimiento anual
I-00254-00399,ALEJANDRO CORONA FLORES,Inserción Laboral,,,2025,Imputación histórica para completar años faltantes; distribución estratificada con crecimiento anual
I-00255-00400,GIOVANNI COTE TETLALMATZI,Inserción Laboral,,,2025,Imputación histórica para completar años faltantes; distribución estratificada con crecimiento anual
I-00256-00401,YESENIA SANCHEZ GARCIA,Inserción Laboral,,,2025,Imputación histórica para completar años faltantes; distribución estratificada con crecimiento anual
I-00257-00402,GRISSELDA NAVA CUATECONTZI,Inserción Laboral,,,2025,Imputación histórica para completar años faltantes; distribución estratificada con crecimiento anual
I-00258-00403,ANA ARELI MELENDEZ BELLO,Inserción Laboral,,,2025,Imputación histórica para completar años faltantes; distribución estratificada con crecimiento anual
I-00259-00404,JOSE MANUEL LEON GONZALEZ,Inserción Laboral,,,2025,Imputación histórica para completar años faltantes; distribución estratificada con crecimiento anual
I-00260-00405,ALTOVELI TEMOLTZI VELAZQUEZ,Inserción Laboral,,,2025,Imputación histórica para completar años faltantes; distribución estratificada con crecimiento anual
I-00261-00406,SEBASTIAN AMARO ALVARADO,Inserción Laboral,,,2025,Imputación histórica para completar años faltantes; distribución estratificada con crecimiento anual
I-00262-00407,CARLOS URIEL AGUILAR DELGADO,Inserción Laboral,,,2025,Imputación histórica para completar años faltantes; distribución estratificada con crecimiento anual
I-00263-00408,SANTA DE LOS SANTOS CUELLAR,Inserción Laboral,,,2025,Imputación histórica para completar años faltantes; distribución estratificada con crecimiento anual
I-00264-00409,FERNANDO ABURTO SANTAMARIA,Inserción Laboral,,,2025,Imputación histórica para completar años faltantes; distribución estratificada con crecimiento anual
I-00265-00410,SONIA MERINO LOPEZ,Inserción Laboral,,,2025,Imputación histórica para completar años faltantes; distribución estratificada con crecimiento anual
I-00266-00411,CRISTIAN LOPEZ CATILLO,Inserción Laboral,,,2025,Imputación histórica para completar años faltantes; distribución estratificada con crecimiento anual
I-00267-00412,LUZ MARIA MARTINEZ VALEVIO,Inserción Laboral,,,2025,Imputación histórica para completar años faltantes; distribución estratificada con crecimiento anual
I-00268-00413,GUADALUPE MONTES CASTILLO,Inserción Laboral,,,2025,Imputación histórica para completar años faltantes; distribución estratificada con crecimiento anual
I-00269-00414,DIANA LAURA HERNANDEZ GUERRERO,Inserción Laboral,,,2025,Imputación histórica para completar años faltantes; distribución estratificada con crecimiento anual
I-00270-00415,MARIA DE LA LUZ LOPEZ CUAPILLA,Inserción Laboral,,,2025,Imputación histórica para completar años faltantes; distribución estratificada con crecimiento anual
I-00271-00416,LUIS EDUARDO PINEDA CORDERO,Inserción Laboral,,,2025,Imputación histórica para completar años faltantes; distribución estratificada con crecimiento anual
I-00272-00417,MAYTE GALVEZ MORALES,Inserción Laboral,,,2025,Imputación histórica para completar años faltantes; distribución estratificada con crecimiento anual
I-00273-00418,DAVID FERNANDEZ SANCHEZ,Inserción Laboral,,,2025,Imputación histórica para completar años faltantes; distribución estratificada con crecimiento anual
I-00274-00419,DIEGO ALBERTO CEJUDO MARTINEZ,Inserción Laboral,,,2025,Imputación histórica para completar años faltantes; distribución estratificada con crecimiento anual
I-00275-00420,HIGINIO ROBERTO FLORES LAGUNAS,Inserción Laboral,,,2025,Imputación histórica para completar años faltantes; distribución estratificada con crecimiento anual
I-00276-00421,VIANNEY HUERTA JUAREZ,Inserción Laboral,,,2025,Imputación histórica para completar años faltantes; distribución estratificada con crecimiento anual
I-00277-00422,EDGAR GARCIA PEREZ,Inserción Laboral,,,2025,Imputación histórica para completar años faltantes; distribución estratificada con crecimiento anual
I-00278-00423,MIGUEL ANGEL RIVERA HERNANDEZ,Inserción Laboral,,,2025,Imputación histórica para completar años faltantes; distribución estratificada con crecimiento anual
I-00279-00424,ARLETTE RODRIGUEZ PADILLA,Inserción Laboral,,,2025,Imputación histórica para completar años faltantes; distribución estratificada con crecimiento anual
I-00280-00425,FATIMA MARLEN SANCHEZ HERNANDEZ,Inserción Laboral,,,2025,Imputación histórica para completar años faltantes; distribución estratificada con crecimiento anual
I-00281-00426,ARTURO ATONAL SANCHEZ,Inserción Laboral,,,2025,Imputación histórica para completar años faltantes; distribución estratificada con crecimiento anual
I-00282-00427,GUADALUPE MARLETT CERVANTES CARMONA,Inserción Laboral,,,2025,Imputación histórica para completar años faltantes; distribución estratificada con crecimiento anual
I-00283-00428,ADOLFO FLORES CUAHUTLE,Inserción Laboral,,,2025,Imputación histórica para completar años faltantes; distribución estratificada con crecimiento anual
I-00284-00429,BLANCA ESMERALDA FERNANDEZ ZAMORA,Inserción Laboral,,,2025,Imputación histórica para completar años faltantes; distribución estratificada con crecimiento anual
I-00285-00430,AYDE MARILI HERNANDEZ MENESES,Inserción Laboral,,,2025,Imputación histórica para completar años faltantes; distribución estratificada con crecimiento anual
I-00286-00431,MICHEELY CUATEPOTZO LOAIZA,Inserción Laboral,,,2025,Imputación histórica para completar años faltantes; distribución estratificada con crecimiento anual
I-00287-00432,GABRIELA ROJAS PEREZ,Inserción Laboral,,,2025,Imputación histórica para completar años faltantes; distribución estratificada con crecimiento anual
I-00288-00433,ESTEFANNY TEPEPA LOPEZ,Inserción Laboral,,,2025,Imputación histórica para completar años faltantes; distribución estratificada con crecimiento anual
I-00289-00434,JESUS ANTONIO ZARATE ROMERO,Inserción Laboral,,,2025,Imputación histórica para completar años faltantes; distribución estratificada con crecimiento anual
I-00290-00435,ALEJANDRA PAOLA ZARATE ROMERO,Inserción Laboral,,,2025,Imputación histórica para completar años faltantes; distribución estratificada con crecimiento anual
I-00291-00436,GEMA SALAMANCA GOMEZ,Inserción Laboral,,,2025,Imputación histórica para completar años faltantes; distribución estratificada con crecimiento anual
I-00292-00437,EVELYN GUADALUPE CORNEJO MAGDALENO,Inserción Laboral,,,2025,Imputación histórica para completar años faltantes; distribución estratificada con crecimiento anual
I-00293-00438,ALEJANDRO PEREZ BERNAL,Inserción Laboral,,,2025,Imputación histórica para completar años faltantes; distribución estratificada con crecimiento anual
I-00294-00439,CARLOS ALEXIS HERNANDEZ GARCIA,Inserción Laboral,,,2025,Imputación histórica para completar años faltantes; distribución estratificada con crecimiento anual
I-00295-00440,ANGELICA PORTILLO MARTINEZ,Inserción Laboral,,,2025,Imputación histórica para completar años faltantes; distribución estratificada con crecimiento anual
I-00296-00441,ALICIA PINEDA HERNANDEZ,Inserción Laboral,,,2025,Imputación histórica para completar años faltantes; distribución estratificada con crecimiento anual
I-00297-00442,LEONARDO BELLO MONTIEL,Inserción Laboral,,,2025,Imputación histórica para completar años faltantes; distribución estratificada con crecimiento anual
I-00298-00443,DULCE MICHEL GONZALES MATAMOROS,Inserción Laboral,,,2025,Imputación histórica para completar años faltantes; distribución estratificada con crecimiento anual
I-00299-00444,CARLOS BRANDON CORDERO GALINDO,Inserción Laboral,,,2025,Imputación histórica para completar años faltantes; distribución estratificada con crecimiento anual
I-00300-00445,AXEL STEVEN CRUZ HERNANDEZ,Inserción Laboral,,,2025,Imputación histórica para completar años faltantes; distribución estratificada con crecimiento anual
I-00301-00446,MAR CARIBE RUGERIO RAMOS,Inserción Laboral,,,2025,Imputación histórica para completar años faltantes; distribución estratificada con crecimiento anual
I-00302-00447,JOSE OCTAVIO SALAS SOLANO,Inserción Laboral,,,2025,Imputación histórica para completar años faltantes; distribución estratificada con crecimiento anual
I-00303-00448,ALAN ARTURO CORTES RAMIREZ,Inserción Laboral,,,2025,Imputación histórica para completar años faltantes; distribución estratificada con crecimiento anual
I-00304-00449,LIZBETH MORALES LOZADA,Inserción Laboral,,,2025,Imputación histórica para completar años faltantes; distribución estratificada con crecimiento anual
I-00305-00450,HELEN YURITZY RAMIREZ GONZALEZ,Inserción Laboral,,,2025,Imputación histórica para completar años faltantes; distribución estratificada con crecimiento anual
I-00306-00451,LEZLY PAOLA RIVERA RIVERA,Inserción Laboral,,,2025,Imputación histórica para completar años faltantes; distribución estratificada con crecimiento anual
I-00307-00452,JANET SANCHEZ RAMIREZ,Inserción Laboral,,,2025,Imputación histórica para completar años faltantes; distribución estratificada con crecimiento anual
I-00308-00453,MIRIAM GONZALEZ AGUILA,Inserción Laboral,,,2025,Imputación histórica para completar años faltantes; distribución estratificada con crecimiento anual
I-00309-00454,IRMA LIZBETH MORALES SANCHEZ,Inserción Laboral,,,2025,Imputación histórica para completar años faltantes; distribución estratificada con crecimiento anual
I-00310-00455,JOSE DANIEL PACHECO DOMINGUEZ,Inserción Laboral,,,2025,Imputación histórica para completar años faltantes; distribución estratificada con crecimiento anual
I-00311-00456,RICARDO VEGA PEREZ,Inserción Laboral,,,2025,Imputación histórica para completar años faltantes; distribución estratificada con crecimiento anual
I-00312-00457,FELIPE MENDEZ MARTINEZ,Inserción Laboral,,,2025,Imputación histórica para completar años faltantes; distribución estratificada con crecimiento anual
I-00313-00458,MARIA ELENA QUINTANA RODRIGUEZ,Inserción Laboral,,,2025,Imputación histórica para completar años faltantes; distribución estratificada con crecimiento anual
I-00314-00459,ESTEFANIA MORENO CARREÑO,Inserción Laboral,,,2025,Imputación histórica para completar años faltantes; distribución estratificada con crecimiento anual
I-00315-00460,JOSE ALFREDO PEREZ ZAMORA,Inserción Laboral,,,2025,Imputación histórica para completar años faltantes; distribución estratificada con crecimiento anual
I-00316-00461,ALICIA ZISTECATL MARQUEZ,Inserción Laboral,,,2025,Imputación histórica para completar años faltantes; distribución estratificada con crecimiento anual
I-00317-00462,OSCAR CRUZ CABRERA,Inserción Laboral,,,2025,Imputación histórica para completar años faltantes; distribución estratificada con crecimiento anual
I-00318-00463,ARLETH ALONSO PEREZ,Inserción Laboral,,,2025,Imputación histórica para completar años faltantes; distribución estratificada con crecimiento anual
I-00319-00464,JUAN CARLOS HERNANDEZ GUTIERREZ,Inserción Laboral,,,2025,Imputación histórica para completar años faltantes; distribución estratificada con crecimiento anual
I-00320-00465,CYNTHIA HERNANDEZ LOPEZ,Inserción Laboral,,,2025,Imputación histórica para completar años faltantes; distribución estratificada con crecimiento anual
I-00321-00466,YESENIA FLORES VALENCIA,Inserción Laboral,,,2025,Imputación histórica para completar años faltantes; distribución estratificada con crecimiento anual
I-00322-00467,AXEL EDREY SOTELO MENDOZA,Inserción Laboral,,,2025,Imputación histórica para completar años faltantes; distribución estratificada con crecimiento anual
I-00323-00468,JOSE LUIS RIVERA HERRERA,Inserción Laboral,,,2025,Imputación histórica para completar años faltantes; distribución estratificada con crecimiento anual
I-00324-00469,MARGARITA SANCHEZ ARMENTA,Inserción Laboral,,,2025,Imputación histórica para completar años faltantes; distribución estratificada con crecimiento anual
I-00325-00470,MARCOSH HERNANDEZ CAMACHO,Inserción Laboral,,,2025,Imputación histórica para completar años faltantes; distribución estratificada con crecimiento anual
I-00326-00471,CANDELARIA MARQUEZ GARCIA,Inserción Laboral,,,2025,Imputación histórica para completar años faltantes; distribución estratificada con crecimiento anual
I-00327-00472,REYES MARTINEZ GUTIERREZ,Inserción Laboral,,,2025,Imputación histórica para completar años faltantes; distribución estratificada con crecimiento anual
I-00328-00473,MARCO ARTURO SALAMANCA VEGA,Inserción Laboral,,,2025,Imputación histórica para completar años faltantes; distribución estratificada con crecimiento anual
I-00329-00474,ANA LIZETH TEXIS XICOHTENCATL,Inserción Laboral,,,2025,Imputación histórica para completar años faltantes; distribución estratificada con crecimiento anual
I-00330-00475,OLIVIA ALEJANDRA SANCHEZ MENDEZ,Inserción Laboral,,,2025,Imputación histórica para completar años faltantes; distribución estratificada con crecimiento anual
I-00331-00476,MARIA DEL CARMEN MENDIETA CONDE,Inserción Laboral,,,2025,Imputación histórica para completar años faltantes; distribución estratificada con crecimiento anual
I-00332-00477,VICTOR HERNANDEZ ESCOBAR,Inserción Laboral,,,2025,Imputación histórica para completar años faltantes; distribución estratificada con crecimiento anual
I-00333-00478,JAIME RODRIGUEZ SANCHEZ,Inserción Laboral,,,2025,Imputación histórica para completar años faltantes; distribución estratificada con crecimiento anual
I-00334-00479,JOSE LUIS MELENDEZ SALAZAR,Inserción Laboral,,,2025,Imputación histórica para completar años faltantes; distribución estratificada con crecimiento anual
I-00335-00480,MYRIAM TZOMPANTZI GASPARIANO,Inserción Laboral,,,2025,Imputación histórica para completar años faltantes; distribución estratificada con crecimiento anual
I-00336-00481,OSBALDO ATONAL SALAZAR,Inserción Laboral,,,2025,Imputación histórica para completar años faltantes; distribución estratificada con crecimiento anual
I-00337-00482,ALMA YULENI TEXIS TEXIS,Inserción Laboral,,,2025,Imputación histórica para completar años faltantes; distribución estratificada con crecimiento anual
I-00338-00483,HELDER CERVANTES MENESES,Inserción Laboral,,,2025,Imputación histórica para completar años faltantes; distribución estratificada con crecimiento anual
I-00339-00484,VIANEY PEREZ ELVIRA,Inserción Laboral,,,2026,Imputación histórica para completar años faltantes; distribución estratificada con crecimiento anual
I-00340-00485,IVONNE SALAMANCA RODRIGUEZ,Inserción Laboral,,,2026,Imputación histórica para completar años faltantes; distribución estratificada con crecimiento anual
I-00341-00486,MARIA EUGENIA CANSINO CEDEÑO,Inserción Laboral,,,2026,Imputación histórica para completar años faltantes; distribución estratificada con crecimiento anual
I-00342-00487,CHRISTIAN IGNACIO MORENO OLVERA,Inserción Laboral,,,2026,Imputación histórica para completar años faltantes; distribución estratificada con crecimiento anual
I-00343-00488,IMELDA MORALES TORRES,Inserción Laboral,,,2026,Imputación histórica para completar años faltantes; distribución estratificada con crecimiento anual
I-00344-00489,WENDY AGUIRRE PEREZ,Inserción Laboral,,,2026,Imputación histórica para completar años faltantes; distribución estratificada con crecimiento anual
I-00345-00490,BRYAN YAMIL CARRASCO CERVANTES,Inserción Laboral,,,2026,Imputación histórica para completar años faltantes; distribución estratificada con crecimiento anual
I-00346-00491,YESENIA GRACIA ROSETE,Inserción Laboral,,,2026,Imputación histórica para completar años faltantes; distribución estratificada con crecimiento anual
I-00347-00492,SERGIO CORTEZ REGUEIRA,Inserción Laboral,,,2026,Imputación histórica para completar años faltantes; distribución estratificada con crecimiento anual
I-00348-00493,DULCE OLIVIA JIMENEZ TECOZAHUATZI,Inserción Laboral,,,2026,Imputación histórica para completar años faltantes; distribución estratificada con crecimiento anual
I-00349-00494,GRECIA CARREÑO ALVAREZ,Inserción Laboral,,,2026,Imputación histórica para completar años faltantes; distribución estratificada con crecimiento anual
I-00350-00495,DANIELA ADRIANA CORTES PEREZ,Inserción Laboral,,,2026,Imputación histórica para completar años faltantes; distribución estratificada con crecimiento anual
I-00351-00496,ALEJANDRO AZAEL HERNANDEZ TETLALMATZI,Inserción Laboral,,,2026,Imputación histórica para completar años faltantes; distribución estratificada con crecimiento anual
I-00352-00497,MIRYAM ADRIANA CAMACHO MORENO,Inserción Laboral,,,2026,Imputación histórica para completar años faltantes; distribución estratificada con crecimiento anual
I-00353-00498,ROMAN TECPA PEREZ,Inserción Laboral,,,2026,Imputación histórica para completar años faltantes; distribución estratificada con crecimiento anual
I-00354-00499,ESTEFANY SANCHEZ ZAMORA,Inserción Laboral,,,2026,Imputación histórica para completar años faltantes; distribución estratificada con crecimiento anual
I-00355-00500,ANEL HERNANDEZ HERNANDEZ,Inserción Laboral,,,2026,Imputación histórica para completar años faltantes; distribución estratificada con crecimiento anual
I-00356-00501,KATHERINE ROJAS DOMINGUEZ,Inserción Laboral,,,2026,Imputación histórica para completar años faltantes; distribución estratificada con crecimiento anual
I-00357-00502,SERGIO BARRANCO VAZQUEZ,Inserción Laboral,,,2026,Imputación histórica para completar años faltantes; distribución estratificada con crecimiento anual
I-00358-00503,MARITSSA CALDERON AGUILAR,Inserción Laboral,,,2026,Imputación histórica para completar años faltantes; distribución estratificada con crecimiento anual
I-00359-00504,EUNICE CITLALLI ALONSO ESCOBAR,Inserción Laboral,,,2026,Imputación histórica para completar años faltantes; distribución estratificada con crecimiento anual
I-00360-00505,AGECH MARTINEZ GONZALEZ,Inserción Laboral,,,2026,Imputación histórica para completar años faltantes; distribución estratificada con crecimiento anual
I-00361-00506,YAHIR RAMIREZ MORALES,Inserción Laboral,,,2026,Imputación histórica para completar años faltantes; distribución estratificada con crecimiento anual
I-00362-00507,VIRIDIANA GARCIA LOPEZ,Inserción Laboral,,,2026,Imputación histórica para completar años faltantes; distribución estratificada con crecimiento anual
I-00363-00508,MAURICIO CRUZ MONTES,Inserción Laboral,,,2026,Imputación histórica para completar años faltantes; distribución estratificada con crecimiento anual
I-00364-00509,LUIS ALFREDO JIMENEZ MORA,Inserción Laboral,,,2026,Imputación histórica para completar años faltantes; distribución estratificada con crecimiento anual
I-00365-00510,CARLOS LIMA DE LA CRUZ,Inserción Laboral,,,2026,Imputación histórica para completar años faltantes; distribución estratificada con crecimiento anual
I-00366-00511,CARLOS DAVID BAÑOS TLAPALE,Inserción Laboral,,,2026,Imputación histórica para completar años faltantes; distribución estratificada con crecimiento anual
I-00367-00512,JAIR DONALDO TLAPALE GOMEZ,Inserción Laboral,,,2026,Imputación histórica para completar años faltantes; distribución estratificada con crecimiento anual
I-00368-00513,JUAN DANIEL SANDOVAL GARCIA,Inserción Laboral,,,2026,Imputación histórica para completar años faltantes; distribución estratificada con crecimiento anual
I-00369-00514,AMAYRANI GUADALUPE MORENO RAMIREZ,Inserción Laboral,,,2026,Imputación histórica para completar años faltantes; distribución estratificada con crecimiento anual
I-00370-00515,JOSE ALBERTO VAZQUEZ TORRES,Inserción Laboral,,,2026,Imputación histórica para completar años faltantes; distribución estratificada con crecimiento anual
I-00371-00516,MARIA FERNANDA CHACON SORIA,Inserción Laboral,,,2026,Imputación histórica para completar años faltantes; distribución estratificada con crecimiento anual
I-00372-00517,MA ISABEL SANCHEZ HERNANDEZ,Inserción Laboral,,,2026,Imputación histórica para completar años faltantes; distribución estratificada con crecimiento anual
I-00373-00518,LORENA CUATECONTZI BAUTISTA,Inserción Laboral,,,2026,Imputación histórica para completar años faltantes; distribución estratificada con crecimiento anual
I-00374-00584,KELY STEPHANI SOLIS PAZ,Inserción Laboral,,,2026,Imputación histórica para completar años faltantes; distribución estratificada con crecimiento anual
I-00375-00585,ALINE ESCALONA VEGA,Inserción Laboral,,,2026,Imputación histórica para completar años faltantes; distribución estratificada con crecimiento anual
I-00376-00586,JESUS MUÑOZ GONZALEZ,Inserción Laboral,,,2026,Imputación histórica para completar años faltantes; distribución estratificada con crecimiento anual
I-00377-00587,GABRIELA HERNANDEZ CORONA,Inserción Laboral,,,2026,Imputación histórica para completar años faltantes; distribución estratificada con crecimiento anual
I-00378-00588,LILIANA ESPINO ESPINOZA,Inserción Laboral,,,2026,Imputación histórica para completar años faltantes; distribución estratificada con crecimiento anual
I-00379-00589,LUIS ANGEL JUAREZ GARCIA,Inserción Laboral,,,2026,Imputación histórica para completar años faltantes; distribución estratificada con crecimiento anual
I-00380-00590,YAHIR ISAAC TEHOZOL PEDRAZA,Inserción Laboral,,,2026,Imputación histórica para completar años faltantes; distribución estratificada con crecimiento anual
I-00381-00591,ESMERALDA PLUMA MUÑOZ,Inserción Laboral,,,2026,Imputación histórica para completar años faltantes; distribución estratificada con crecimiento anual
I-00382-00592,ANA LAURA HERNANDEZ CUAPIO,Inserción Laboral,,,2026,Imputación histórica para completar años faltantes; distribución estratificada con crecimiento anual
I-00383-00593,MOSERRAT JENNIFER CANDIA ORTIZ,Inserción Laboral,,,2026,Imputación histórica para completar años faltantes; distribución estratificada con crecimiento anual
I-00384-00594,OSCAR ABEL MUÑOZ NAVA,Inserción Laboral,,,2026,Imputación histórica para completar años faltantes; distribución estratificada con crecimiento anual
I-00385-00595,JORDAN EDUARDO AVEDAÑO BARTOLO,Inserción Laboral,,,2026,Imputación histórica para completar años faltantes; distribución estratificada con crecimiento anual
I-00386-00596,ANDRES CUAHUTENCOS MORALES,Inserción Laboral,,,2026,Imputación histórica para completar años faltantes; distribución estratificada con crecimiento anual
I-00387-00597,ANTONIO PEREZ SANTAMARIA,Inserción Laboral,,,2026,Imputación histórica para completar años faltantes; distribución estratificada con crecimiento anual
I-00388-00598,DIANA LAURA PLATA CAMACHO,Inserción Laboral,,,2026,Imputación histórica para completar años faltantes; distribución estratificada con crecimiento anual
I-00389-00599,YAMILET LOPEZ,Inserción Laboral,,,2026,Imputación histórica para completar años faltantes; distribución estratificada con crecimiento anual
I-00390-00600,SARAI SARMIENTO ARMENTA,Inserción Laboral,,,2026,Imputación histórica para completar años faltantes; distribución estratificada con crecimiento anual
I-00391-00601,JOSE JUAN BERNAL JIMENEZ,Inserción Laboral,,,2026,Imputación histórica para completar años faltantes; distribución estratificada con crecimiento anual
I-00392-00602,JUAN ALBERTO ISLAS DIAZ,Inserción Laboral,,,2026,Imputación histórica para completar años faltantes; distribución estratificada con crecimiento anual
I-00393-00603,ELEAZAR CARRERA GUZMAN,Inserción Laboral,,,2026,Imputación histórica para completar años faltantes; distribución estratificada con crecimiento anual
I-00394-00604,ABDIEL VALENTIN SANTIAGO ORTEGA,Inserción Laboral,,,2026,Imputación histórica para completar años faltantes; distribución estratificada con crecimiento anual
I-00395-00605,KATHERINE ROJAS DOMINGUEZ,Inserción Laboral,,,2026,Imputación histórica para completar años faltantes; distribución estratificada con crecimiento anual
I-00396-00606,DANA MICHEL RAMIREZ PEREZ,Inserción Laboral,,,2026,Imputación histórica para completar años faltantes; distribución estratificada con crecimiento anual
I-00397-00607,IVETH ZANYAMPA GARUDO,Inserción Laboral,,,2026,Imputación histórica para completar años faltantes; distribución estratificada con crecimiento anual
I-00398-00608,EDGAR RAMIREZ ALVAREZ,Inserción Laboral,,,2026,Imputación histórica para completar años faltantes; distribución estratificada con crecimiento anual
I-00399-00609,ANA PAOLA CORTEZ GUERRERO,Inserción Laboral,,,2026,Imputación histórica para completar años faltantes; distribución estratificada con crecimiento anual
I-00400-00610,MARIA JULIANA FLORES RODRIGUEZ,Inserción Laboral,,,2026,Imputación histórica para completar años faltantes; distribución estratificada con crecimiento anual
I-00401-00611,YOLANDA HERNANDEZ SANCHEZ,Inserción Laboral,,,2026,Imputación histórica para completar años faltantes; distribución estratificada con crecimiento anual
I-00402-00612,SONIA PAOLA NAVA ACOLTZI,Inserción Laboral,,,2026,Imputación histórica para completar años faltantes; distribución estratificada con crecimiento anual
I-00403-00613,VICTOR HUGO GUTIERREZ CAHUANTZI,Inserción Laboral,,,2026,Imputación histórica para completar años faltantes; distribución estratificada con crecimiento anual
I-00404-00614,VIANEY OROS SALADO,Inserción Laboral,,,2026,Imputación histórica para completar años faltantes; distribución estratificada con crecimiento anual
I-00405-00615,BETZUAC DAVILA HERNANDEZ,Inserción Laboral,,,2026,Imputación histórica para completar años faltantes; distribución estratificada con crecimiento anual
I-00406-00616,ALBERTO POLVO ANDRADE,Inserción Laboral,,,2026,Imputación histórica para completar años faltantes; distribución estratificada con crecimiento anual
I-00407-00617,BRAHAYAN RONNY DE LA ROSA CARDERON,Inserción Laboral,,,2026,Imputación histórica para completar años faltantes; distribución estratificada con crecimiento anual
I-00408-00618,EDGAR RAMIREZ ALVAREZ,Inserción Laboral,,,2026,Imputación histórica para completar años faltantes; distribución estratificada con crecimiento anual
I-00409-00619,BEATRIZ ELIA LARA ROJAS,Inserción Laboral,,,2026,Imputación histórica para completar años faltantes; distribución estratificada con crecimiento anual
I-00410-00620,ELISA JUAREZ TEXIS,Inserción Laboral,,,2026,Imputación histórica para completar años faltantes; distribución estratificada con crecimiento anual
I-00411-00621,LISSETTE CAMACHO VIXTO,Inserción Laboral,,,2026,Imputación histórica para completar años faltantes; distribución estratificada con crecimiento anual
I-00412-00622,TERESA CAHUANTZI,Inserción Laboral,,,2026,Imputación histórica para completar años faltantes; distribución estratificada con crecimiento anual
I-00413-00623,ALESANDRA MUÑOZ GEORGE,Inserción Laboral,,,2026,Imputación histórica para completar años faltantes; distribución estratificada con crecimiento anual
I-00414-00624,MARTINA CAJICO ZARATE,Inserción Laboral,,,2026,Imputación histórica para completar años faltantes; distribución estratificada con crecimiento anual
I-00415-00625,ALBERTO POLVO ANDRADE,Inserción Laboral,,,2026,Imputación histórica para completar años faltantes; distribución estratificada con crecimiento anual
I-00416-00626,VICTOR HUGO GUTIERREZ CAHUANTZI,Inserción Laboral,,,2026,Imputación histórica para completar años faltantes; distribución estratificada con crecimiento anual
I-00417-00627,JUAN ALBERTO ISLAS DIAZ,Inserción Laboral,,,2026,Imputación histórica para completar años faltantes; distribución estratificada con crecimiento anual
I-00418-00628,ANDRES CUAHUTEPCOS MORALES,Inserción Laboral,,,2026,Imputación histórica para completar años faltantes; distribución estratificada con crecimiento anual
I-00419-00629,VIANEY OROS SALADO,Inserción Laboral,,,2026,Imputación histórica para completar años faltantes; distribución estratificada con crecimiento anual
I-00420-00630,YOLANDA HERNANDEZ SANCHEZ,Inserción Laboral,,,2026,Imputación histórica para completar años faltantes; distribución estratificada con crecimiento anual
I-00421-00631,BRENDA HUERTA MENDOZA,Inserción Laboral,,,2026,Imputación histórica para completar años faltantes; distribución estratificada con crecimiento anual
I-00422-00632,YADIRA SANCHEZ CAMARILLO,Inserción Laboral,,,2026,Imputación histórica para completar años faltantes; distribución estratificada con crecimiento anual
I-00423-00633,BRENDA DE GRANDE DIAZ,Inserción Laboral,,,2026,Imputación histórica para completar años faltantes; distribución estratificada con crecimiento anual
I-00424-00634,ARACELY SERRANO ANTONIO,Inserción Laboral,,,2026,Imputación histórica para completar años faltantes; distribución estratificada con crecimiento anual
I-00425-00635,DOLERES VILLARDO SANCHEZ,Inserción Laboral,,,2026,Imputación histórica para completar años faltantes; distribución estratificada con crecimiento anual
I-00426-00636,KEVIN EXAU SANCHEZ,Inserción Laboral,,,2026,Imputación histórica para completar años faltantes; distribución estratificada con crecimiento anual
I-00427-00637,MARIA JULIANA FLORES RODRIGUEZ,Inserción Laboral,,,2026,Imputación histórica para completar años faltantes; distribución estratificada con crecimiento anual
I-00428-00638,JORDAN EDUARDO AVENDAÑO BARTOLO,Inserción Laboral,,,2026,Imputación histórica para completar años faltantes; distribución estratificada con crecimiento anual
I-00429-00639,SONIA PAOLA NAVA ACOLTZI,Inserción Laboral,,,2026,Imputación histórica para completar años faltantes; distribución estratificada con crecimiento anual
I-00430-00640,IVETH ZANJUAMPA GARRIDO,Inserción Laboral,,,2026,Imputación histórica para completar años faltantes; distribución estratificada con crecimiento anual
I-00431-00641,ANA PADA CORTEZ GENERO,Inserción Laboral,,,2026,Imputación histórica para completar años faltantes; distribución estratificada con crecimiento anual
I-00432-00642,MAGDIEL IRAN HERNANDEZ XOXOCOTZI,Inserción Laboral,,,2026,Imputación histórica para completar años faltantes; distribución estratificada con crecimiento anual
I-00433-00643,SARAI SARMIENTO ARMENTA,Inserción Laboral,,,2026,Imputación histórica para completar años faltantes; distribución estratificada con crecimiento anual
I-00434-00644,JORGE ENRIQUE CORONA LOPEZ,Inserción Laboral,,,2026,Imputación histórica para completar años faltantes; distribución estratificada con crecimiento anual
I-00435-00645,ANA KAREN RAMIRO AQUIAHUATL,Inserción Laboral,,,2026,Imputación histórica para completar años faltantes; distribución estratificada con crecimiento anual
I-00436-00646,ALAN JAIR DE JESUS VASQUEZ,Inserción Laboral,,,2026,Imputación histórica para completar años faltantes; distribución estratificada con crecimiento anual
I-00437-00647,JONATHAN FLORES FLORES,Inserción Laboral,,,2026,Imputación histórica para completar años faltantes; distribución estratificada con crecimiento anual
I-00438-00648,ADAIR JONATHAN SALDAÑA RIVERA,Inserción Laboral,,,2026,Imputación histórica para completar años faltantes; distribución estratificada con crecimiento anual
I-00439-00649,DAMARIS REYES LOPEZ,Inserción Laboral,,,2026,Imputación histórica para completar años faltantes; distribución estratificada con crecimiento anual
I-00440-00650,MARTHA GUADALUPE RODRIGUEZ RODRIGUEZ,Inserción Laboral,,,2026,Imputación histórica para completar años faltantes; distribución estratificada con crecimiento anual
I-00441-00651,MARIA JULIANA FLORES RODRIGUEZ,Inserción Laboral,,,2026,Imputación histórica para completar años faltantes; distribución estratificada con crecimiento anual
I-00442-00652,VIANEY OROS SALADO,Inserción Laboral,,,2026,Imputación histórica para completar años faltantes; distribución estratificada con crecimiento anual
I-00443-00653,YOLANDA HERNANDEZ SANCHEZ,Inserción Laboral,,,2026,Imputación histórica para completar años faltantes; distribución estratificada con crecimiento anual
I-00444-00654,JANET NAVA MORALES,Inserción Laboral,,,2026,Imputación histórica para completar años faltantes; distribución estratificada con crecimiento anual
I-00445-00655,CESAR TLACHI HERNANDEZ,Inserción Laboral,,,2026,Imputación histórica para completar años faltantes; distribución estratificada con crecimiento anual
I-00446-00656,ISMAEL TEXIS RODRIGUEZ,Inserción Laboral,,,2026,Imputación histórica para completar años faltantes; distribución estratificada con crecimiento anual
I-00447-00657,JAQUELIN HERNANDEZ FERNANDEZ,Inserción Laboral,,,2026,Imputación histórica para completar años faltantes; distribución estratificada con crecimiento anual
I-00448-00658,KARINA LIZBETH ROJAS HERNANDEZ,Inserción Laboral,,,2026,Imputación histórica para completar años faltantes; distribución estratificada con crecimiento anual
I-00449-00659,ARIADNA ROMERO SALAZAR,Inserción Laboral,,,2026,Imputación histórica para completar años faltantes; distribución estratificada con crecimiento anual
I-00450-00660,MARCOS TEXIS MORALES,Inserción Laboral,,,2026,Imputación histórica para completar años faltantes; distribución estratificada con crecimiento anual
I-00451-00661,BRENDA DE GANTE DIAZ,Inserción Laboral,,,2026,Imputación histórica para completar años faltantes; distribución estratificada con crecimiento anual
I-00452-00662,OSWALDO SANCHEZ TZOMPANTZI,Inserción Laboral,,,2026,Imputación histórica para completar años faltantes; distribución estratificada con crecimiento anual
I-00453-00663,RUBI GONZALEZ VAZQUEZ,Inserción Laboral,,,2026,Imputación histórica para completar años faltantes; distribución estratificada con crecimiento anual
I-00454-00664,JORGE HUMBERTO SANCHEZ RODRIGUEZ,Inserción Laboral,,,2026,Imputación histórica para completar años faltantes; distribución estratificada con crecimiento anual
I-00455-00665,EDGAR RAMIREZ,Inserción Laboral,,,2026,Imputación histórica para completar años faltantes; distribución estratificada con crecimiento anual
I-00456-00666,ANABEL PEREZ ACOSTI,Inserción Laboral,,,2026,Imputación histórica para completar años faltantes; distribución estratificada con crecimiento anual
I-00457-00667,SANDRA JUAREZ MOLGADO,Inserción Laboral,,,2026,Imputación histórica para completar años faltantes; distribución estratificada con crecimiento anual
I-00458-00668,OSCAR PEDRO SANCHEZ HERNANDEZ,Inserción Laboral,,,2026,Imputación histórica para completar años faltantes; distribución estratificada con crecimiento anual
I-00459-00669,DOLORES VILLORDO SANCHEZ,Inserción Laboral,,,2026,Imputación histórica para completar años faltantes; distribución estratificada con crecimiento anual
I-00460-00670,KARLA ABIGAIL CONTRERAS HERNANDEZ,Inserción Laboral,,,2026,Imputación histórica para completar años faltantes; distribución estratificada con crecimiento anual
I-00461-00671,EDGAR RAMIREZ,Inserción Laboral,,,2026,Imputación histórica para completar años faltantes; distribución estratificada con crecimiento anual
I-00462-00672,LAURA ANGELICA GOMEZ APARICIO,Inserción Laboral,,,2026,Imputación histórica para completar años faltantes; distribución estratificada con crecimiento anual
I-00463-00673,ALEJANDRO ORTEGA BRIONES,Inserción Laboral,,,2026,Imputación histórica para completar años faltantes; distribución estratificada con crecimiento anual
I-00464-00674,JUAN RAUL CONDE TORRES,Inserción Laboral,,,2026,Imputación histórica para completar años faltantes; distribución estratificada con crecimiento anual
I-00465-00675,PAOLA GUADALUPE BAUTISTA MAZATZI,Inserción Laboral,,,2026,Imputación histórica para completar años faltantes; distribución estratificada con crecimiento anual
I-00466-00676,JISSEL MARTINEZ NAVA,Inserción Laboral,,,2026,Imputación histórica para completar años faltantes; distribución estratificada con crecimiento anual
I-00467-00677,ELISA JUAREZ TEXIS,Inserción Laboral,,,2026,Imputación histórica para completar años faltantes; distribución estratificada con crecimiento anual
I-00468-00678,SARAI SARMIENTO ARMENTA,Inserción Laboral,,,2026,Imputación histórica para completar años faltantes; distribución estratificada con crecimiento anual
I-00469-00679,LISSETTE CAMACHO VIXTA,Inserción Laboral,,,2026,Imputación histórica para completar años faltantes; distribución estratificada con crecimiento anual
I-00470-00680,COSME XOCHICALE HERNANDEZ,Inserción Laboral,,,2026,Imputación histórica para completar años faltantes; distribución estratificada con crecimiento anual
I-00471-00681,BRENDA DEGANTE DIAZ,Inserción Laboral,,,2026,Imputación histórica para completar años faltantes; distribución estratificada con crecimiento anual
I-00472-00682,VANESSA GOMEZ TORRES,Inserción Laboral,,,2026,Imputación histórica para completar años faltantes; distribución estratificada con crecimiento anual
I-00473-00683,ITZEL BUENAVISTA BUSTAMANTE,Inserción Laboral,,,2026,Imputación histórica para completar años faltantes; distribución estratificada con crecimiento anual
I-00474-00684,EDUARDO LEYVA SANCHEZ,Inserción Laboral,,,2026,Imputación histórica para completar años faltantes; distribución estratificada con crecimiento anual
I-00475-00685,JOSE ALFREDO CUAUTLE SAUCEDO,Inserción Laboral,,,2026,Imputación histórica para completar años faltantes; distribución estratificada con crecimiento anual
I-00476-00686,ANA KAREN RAMIRO AQUIAHUATL,Inserción Laboral,,,2026,Imputación histórica para completar años faltantes; distribución estratificada con crecimiento anual
I-00477-00687,MARCOS TEXIS MORALES,Inserción Laboral,,,2026,Imputación histórica para completar años faltantes; distribución estratificada con crecimiento anual
I-00478-00688,DOLORES VILLORDO SANCHEZ,Inserción Laboral,,,2026,Imputación histórica para completar años faltantes; distribución estratificada con crecimiento anual
I-00479-00689,JACQUELINE HERNANDEZ FERNANDEZ,Inserción Laboral,,,2026,Imputación histórica para completar años faltantes; distribución estratificada con crecimiento anual
