id_persona,id_persona_maestro,nombre,sexo,edad,escolaridad,carrera,Institución,id_institucion,municipio,id_municipio,telefono,correo,grupo_prioritario,vinculacion,fecha_registro,Año,area_carrera,estatus_vinculacion
I-00017-00064,PER-0064,WENDOLIN ZAINOS XOCHITIOTZI,Femenino,,indefinido,Ayudante General,Indefinido,,AMAXAC DE GUERRERO,,2462397055,wendi1982zainos@gmail.com,Jóvenes,Inserción Laboral,2026-06-05,2026,Sin área específica,Vinculado
I-00018-00065,PER-0065,FELICITOS NETZAHUAL BAUTISTA,Masculino,,indefinido,Ayudante General,Indefinido,,CONTLA DE JUAN CUAMATZI,,2461265787,felicidad311970@gmail.com,Jóvenes,Inserción Laboral,2026-06-05,2026,Sin área específica,Vinculado
I-00041-00182,PER-0178,DIANA ESMERALDA POSADAS BONILLA,Femenino,23.0,Superior,Estudiante,,,HUAMANTLA,,2229277955,dianiiss1109@gmail.com,Jóvenes,Inserción Laboral,,,Sin área específica,Vinculado
I-00045-00186,PER-0182,MAGDA CONSUELO CARRERA MORALES,Femenino,22.0,Superior,Estudiante,,,HUAMANTLA,,2282148591,bella23doris@hotmail.com,Jóvenes,Inserción Laboral,,,Sin área específica,Vinculado
I-00050-00191,PER-0187,KAREN LOPEZ SOSA,Femenino,22.0,Superior,Estudiante,,,ATLANGATEPEC,,2411375724,lopezsosakaren27@gmail.com,Jóvenes,Inserción Laboral,,,Sin área específica,Vinculado
I-00051-00192,PER-0188,CAROLINA ARMAS ORTIZ,Femenino,22.0,Superior,Estudiante,,,HUAMANTLA,,2474757098,carortarm@gmail.com,Jóvenes,Inserción Laboral,,,Sin área específica,Vinculado
I-00053-00194,PER-0190,ROCIO GUTIERREZ PRAXEDIS,Femenino,23.0,Superior,Estudiante,,,TLAXCO,,2215846009,praxedisrocio288@gmail.com,Jóvenes,Inserción Laboral,,,Sin área específica,Vinculado
I-00054-00195,PER-0191,EDUARDO MORENO ORTEGA,Masculino,22.0,Superior,Estudiante,,,PANOTLA,,2411592824,laloem2001@gmail.com,Jóvenes,Inserción Laboral,,,Sin área específica,Vinculado
I-00055-00196,PER-0192,JOSE DE JESUS HERNANDEZ MELO,Masculino,26.0,Superior,Operador de Producción,,,HUAMANTLA,,7717946452,josedejesush15@gmail.com,Jóvenes,Inserción Laboral,,,Producción y Manufactura,Vinculado
I-00059-00200,PER-0196,BRANDON ARMANDO ZAMORA CHIMAL,Masculino,24.0,Superior,Estudiante,,,YAUHQUEMECAN,,2411203214,rambo.armando18@gmail.com,Jóvenes,Inserción Laboral,,,Sin área específica,Vinculado
I-00082-00224,PER-0220,ANA GILDA GARCIA CEBALLOS,Femenino,37.0,Superior,Ingeniería en Manufactura de Autopartes,,,YAUHQUEMECAN,,2228162027,anagilda.garcia@gmail.com,Jóvenes,Inserción Laboral,,,Producción y Manufactura,Vinculado
I-00083-00225,PER-0221,JOSE RAYMUNDO VELAZQUEZ MUÑOZ,Masculino,23.0,Superior,Ingeniería Ambiental,,,XALOSTOC,,5621776751,joservm.4@gmail.com,Jóvenes,Inserción Laboral,,,Ambiental,Vinculado
I-00089-00231,PER-0227,FERNANDO TELLEZ MAGDALENO,Masculino,18.0,Sin Dato,Empleado,,,XALOSTOC,,2411731249,tellezfernando963@gmail.com,Jóvenes,Inserción Laboral,,,Sin área específica,Vinculado
I-00120-00262,PER-0258,PAULA FLORES RAMIREZ,Femenino,26.0,Superior,Ingeniero en Procesos y Gestión Industrial,,,HUAMANTLA,,2471381185,pa0laramrez26@gmail.com,Jóvenes,Inserción Laboral,,,Producción y Manufactura,Vinculado
I-00125-00267,PER-0263,ERICK ANTONIO SANCHEZ ZUÑIGA,Masculino,21.0,Superior,Mantenimiento,,,LA MAGDALENA TLALTELULCO,,2461989398,zunigserick@gmail.com,Jóvenes,Inserción Laboral,,,Mantenimiento,Vinculado
I-00137-00279,PER-0275,EDGAR RAMIREZ,Masculino,42.0,Superior,Producción,,,APIZACO,,2461101905,simuladores@gmail.com,Jóvenes,Inserción Laboral,,,Producción y Manufactura,Vinculado
I-00144-00286,PER-0282,KEVIN EXAU SANCHEZ,Masculino,31.0,Superior,Seguridad e Higiene,,,PAPALOTLA DE XICOHTÉNCATL,,2241210017,kevin_exau@hotmail.com,Jóvenes,Inserción Laboral,,,Seguridad Ocupacional,Vinculado
I-00145-00287,PER-0283,BEATRIZ ELIA LARA ROJAS,Femenino,,Sin Dato,Empleado,,,HUAMANTLA,,2224909237,hotyylacerojas@hotmail.com,Jóvenes,Inserción Laboral,,,Sin área específica,Vinculado
I-00148-00290,PER-0286,TERESA CAHUANTZI,Femenino,51.0,Sin Dato,Empleado,,,CONTLA DE JUAN CUAMATZI,,2462430327,sincorreo@gmail.com,Adultos,Inserción Laboral,,,Sin área específica,Vinculado
I-00149-00291,PER-0287,ALESANDRA MUÑOZ GEORGE,Femenino,,Sin Dato,Empleado,,,LA MAGDALENA TLALTELULCO,,2461769953,sincorreo@gmail.com,Jóvenes,Inserción Laboral,,,Sin área específica,Vinculado
I-00150-00292,PER-0288,MARTINA CAJICO ZARATE,Femenino,59.0,Sin Dato,Empleado,,,CHIAUTEMPAN,,2461145460,sincorreo@gmail.com,Jóvenes,Inserción Laboral,,,Sin área específica,Vinculado
I-00182-00324,PER-0320,LESLY DAFNE DE GANTE PALAFOX,Femenino,23.0,Sin Dato,Estudiante,,,TERRENATE,,2411641240,leixly395@gmail.com,Jóvenes,Inserción Laboral,,,Sin área específica,Vinculado
P-00090-00326,PER-0322,KARLA ESTEFANI SALDAÑA FORES,Femenino,21.0,Sin Dato,Practicante,,,ATLANGATEPEC,,2411482562,fanisfg3@gmail.com,Jóvenes,Prácticas Profesionales,,,Sin área específica,Vinculado
I-00184-00327,PER-0323,MARIA FERNANDA LOPEZ ALDECO,Femenino,23.0,Sin Dato,Estudiante,,,APIZACO,,2411966938,lopez.aldeco.mariafernanda@gmail.com,Jóvenes,Inserción Laboral,,,Sin área específica,Vinculado
I-00191-00334,PER-0330,ANTONIO DE JESUS ARCINIEGA TORRES,Masculino,22.0,Sin Dato,Estudiante,,,TLAXCALA,,2461003040,sketeantonio@gmail.com,Jóvenes,Inserción Laboral,,,Sin área específica,Vinculado
I-00198-00341,PER-0337,LAURA ESTELA RODRIGUEZ JIMENEZ,Femenino,35.0,Sin Dato,Secundaria,,,APIZACO,,2411086526,lala.rodjim@hotmail.com,Jóvenes,Inserción Laboral,,,Nivel educativo,Vinculado
I-00201-00344,PER-0340,ALBERTO ANAEL SOLAS AGUOLA,Femenino,26.0,Superior,Técnico Eléctrico,,,CHIAUTEMPAN,,5519279113,albertoanael13@gmail.com,Jóvenes,Inserción Laboral,,,Electricidad y Electrónica,Vinculado
I-00219-00364,PER-0360,MARIA JANNETT TORRES PATIÑO,Femenino,27.0,Superior,Licenciatura,,,HUAMANTLA,,2411741505,janntp015@gmail.com,Jóvenes,Inserción Laboral,,,Nivel educativo,Vinculado
I-00222-00367,PER-0363,ARTURO DIAZ VAZQUEZ,Masculino,26.0,Superior,Maestría,,,HUAMANTLA,,2211025046,cristianoarturo98@gmail.com,Jóvenes,Inserción Laboral,,,Nivel educativo,Vinculado
I-00226-00371,PER-0367,LISSET GUADALUPE CARRILLO MARTINEZ,Femenino,27.0,Superior,Operación de Producción,,,HUAMANTLA,,2213450035,lizzcarrillo544@gmail.com,Jóvenes,Inserción Laboral,,,Producción y Manufactura,Vinculado
I-00228-00373,PER-0369,YERENNISSEY MEDINA PEREZ,Femenino,40.0,Superior,Auxiliar Administrativo,,,HUAMANTLA,,2411493354,mepeyere33@gmail.com,Jóvenes,Inserción Laboral,,,Administración,Vinculado
I-00229-00374,PER-0370,NANCY CITLALY ZAMORA MILA,Femenino,20.0,Superior,Costura y Computación,,,HUAMANTLA,,2471017448,citlalynan201@gmail.com,Jóvenes,Inserción Laboral,,,Sin área específica,Vinculado
I-00230-00375,PER-0371,ULISES PATLANI ESPINOZA,Masculino,20.0,Superior,Ámbito Electrónico,,,HUAMANTLA,,2224425262,ulisespatlani14@gmail.com,Jóvenes,Inserción Laboral,,,Electricidad y Electrónica,Vinculado
I-00231-00376,PER-0372,CAROLINA BONILLA ESPINOSA,Femenino,49.0,Superior,Técnico,,,HUAMANTLA,,2471099120,cb9488712@gmail.com,Jóvenes,Inserción Laboral,,,Nivel educativo,Vinculado
I-00233-00378,PER-0374,BIBIANA LOPEZ GARCIA,Femenino,31.0,Superior,Seguridad Industrial,,,CUAPIAXTLA,,,bibiana.lopez.garcia@hotmail.com,Jóvenes,Inserción Laboral,,,Seguridad Ocupacional,Vinculado
I-00237-00382,PER-0378,JOSE ANTONIO MONTERO LOPEZ,Masculino,41.0,Superior,Calidad,,,HUAMANTLA,,2471184621,joseantoniomonterolopez@gmail.com,Jóvenes,Inserción Laboral,,,Industrial y Calidad,Vinculado
I-00245-00390,PER-0386,RENATO BALDERAS GONZALES,Masculino,,Superior,Seguridad Nacional,,,HUAMANTLA,,2218429067,renato.balderas.@gmail.com,Jóvenes,Inserción Laboral,,,Derecho y Seguridad,Vinculado
I-00248-00393,PER-0389,ALEJANDRA TABALES CUEVAS,Femenino,28.0,Superior,Técnico en Puericultura,,,HUAMANTLA,,2471393166,alexa_ale05@hotmail.com,Jóvenes,Inserción Laboral,,,Educación,Vinculado
I-00253-00398,PER-0394,JUAN SANCHEZ PLUMA,Masculino,46.0,Superior,Técnico,,,LA MAGDALENA TLALTELULCO,,2461048158,jsanchezpluma1@hotmail.com,Jóvenes,Inserción Laboral,,,Nivel educativo,Vinculado
I-00254-00399,PER-0395,ALEJANDRO CORONA FLORES,Masculino,19.0,Sin Dato,Secundaria,,,HUAMANTLA,,2471082983,alef05700@gmail.com,Jóvenes,Inserción Laboral,,,Nivel educativo,Vinculado
I-00263-00408,PER-0404,SANTA DE LOS SANTOS CUELLAR,Femenino,32.0,Superior,Ingeniería en Logística Comercial Global,,,HUAMANTLA,,2471000909,santi_cuellar08@hotmail.com,Jóvenes,Inserción Laboral,,,Logística y Transporte,Vinculado
I-00269-00414,PER-0410,DIANA LAURA HERNANDEZ GUERRERO,Femenino,30.0,Superior,Ingeniería en Logística Comercial Global,,,ALTZAYANCA,,5549138513,19dl.02@gmail.com,Jóvenes,Inserción Laboral,,,Logística y Transporte,Vinculado
I-00270-00415,PER-0411,MARIA DE LA LUZ LOPEZ CUAPILLA,Femenino,50.0,Sin Dato,Empleado,,,CUAPIAXTLA,,2471044417,ml1247542@gmail.com,Jóvenes,Inserción Laboral,,,Sin área específica,Vinculado
I-00271-00416,PER-0412,LUIS EDUARDO PINEDA CORDERO,Masculino,23.0,Superior,Automatización y Diseño,,,CUAPIAXTLA,,2471248220,luis.eduardopineda210@gmail.com,Jóvenes,Inserción Laboral,,,Mecánica y Mecatrónica,Vinculado
I-00297-00442,PER-0437,LEONARDO BELLO MONTIEL,Masculino,21.0,Sin Dato,Ayudante General,,,APIZACO,,2411966332,leomontiel2008@gmail.com,Jóvenes,Inserción Laboral,,,Sin área específica,Vinculado
I-00325-00470,PER-0465,MARCOSH HERNANDEZ CAMACHO,Masculino,25.0,Sin Dato,Ayudante General,,,TEOLOCHOLCO,,2461410015,hernandezcamachomarcos@gmail.com,Jóvenes,Inserción Laboral,,,Sin área específica,Vinculado
P-00152-00578,PER-0562,FERNANDO MIRANDA MILLAN,Masculino,,Superior,Mantenimiento Automotriz,,,APIZACO,,2225876627,,Jóvenes,Prácticas Profesionales,,,Mantenimiento,Vinculado
I-00376-00586,PER-0568,JESUS MUÑOZ GONZALEZ,Masculino,,Superior,Mantenimiento,,,ACUAMANALA DE MIGUEL HIDALGO,,2462440413,jm4321742@gmail.com,Jóvenes,Inserción Laboral,,,Mantenimiento,Vinculado
I-00380-00590,PER-0572,YAHIR ISAAC TEHOZOL PEDRAZA,Masculino,22.0,Sin Dato,Ayudante General,,,TEPEYANCO,,2462000030,tehozolyair@gmail.com,Jóvenes,Inserción Laboral,,,Sin área específica,Vinculado
I-00407-00617,PER-0588,BRAHAYAN RONNY DE LA ROSA CARDERON,Masculino,19.0,Superior,TSU,,,PUEBLA,,2482270443,ronny_052105@hotmail.com,Jóvenes,Inserción Laboral,,,Nivel educativo,Vinculado
I-00409-00619,PER-0283,BEATRIZ ELIA LARA ROJAS,Femenino,39.0,,Empleado,,,PAPALOTLA DE XICOHTÉNCATL,,2224909237,hotyylacerojas@hotmail.com,Jóvenes,Inserción Laboral,,,,Vinculado
I-00411-00621,PER-0285,LISSETTE CAMACHO VIXTO,Femenino,29.0,Superior,Administración o Ayudante General,,,TEOLOCHOLCO,,2462957474,daianna_siren@hotmail.com,Jóvenes,Inserción Laboral,,,Sin área específica,Vinculado
I-00412-00622,PER-0286,TERESA CAHUANTZI,Femenino,51.0,,Empleado,,,CONTLA DE JUAN CUAMATZI,,2462430327,,Jóvenes,Inserción Laboral,,,,Vinculado
I-00413-00623,PER-0287,ALESANDRA MUÑOZ GEORGE,Femenino,,,Empleado,,,LA MAGDALENA TLALTELULCO,,2461769953,,Jóvenes,Inserción Laboral,,,,Vinculado
I-00414-00624,PER-0288,MARTINA CAJICO ZARATE,Femenino,59.0,,Empleado,,,CHIAUTEMPAN,,2461145460,,Jóvenes,Inserción Laboral,,,,Vinculado
I-00422-00632,PER-0280,YADIRA SANCHEZ CAMARILLO,Femenino,,,Administrativo,,,TLAXCALA,,2462181907,yscamarillo08@gmail.com,Jóvenes,Inserción Laboral,,,Administración,Vinculado
I-00426-00636,PER-0282,KEVIN EXAU SANCHEZ,Masculino,31.0,,Auxiliar en Seguridad e Higiene,,,PAPALOTLA DE XICOHTÉNCATL,,2241210017,kevin_exau@hotmail.com,Jóvenes,Inserción Laboral,,,Seguridad Ocupacional,Vinculado
I-00444-00654,PER-0602,JANET NAVA MORALES,Femenino,20.0,,Estudiante,,,CONTLA DE JUAN CUAMATZI,,2464690031,janetnava030516@gmail.com,Jóvenes,Inserción Laboral,,,Sin área específica,Vinculado
I-00445-00655,PER-0603,CESAR TLACHI HERNANDEZ,Masculino,57.0,,Maestría en Impuestos,,,CHIAUTEMPAN,,2467570536,thcesar21@yahoo.com.mx,Adultos,Inserción Laboral,,,Contabilidad y Finanzas,Vinculado
I-00456-00666,PER-0613,ANABEL PEREZ ACOSTI,Femenino,,,Costura,,,APIZACO,,2224701779,anabelperezacosti18@gmail.com,Indefinido,Inserción Laboral,,,Textil y Confección,Vinculado
I-00461-00671,PER-0275,EDGAR RAMIREZ,Masculino,42.0,,Producción,,,APIZACO,,2461101905,simuladorep@gmail.com,Adulto,Inserción Laboral,,,Producción y Manufactura,Vinculado
I-00469-00679,PER-0285,LISSETTE CAMACHO VIXTA,Femenino,29.0,,Administrativo,,,TEOLOCHOLCO,,2462957474,daianna_siten@hotmail.com,Jóvenes,Inserción Laboral,,,Administración,Vinculado
I-00474-00684,PER-0304,EDUARDO LEYVA SANCHEZ,Masculino,25.0,,Administrativo,,,PUEBLA,,2211703678,eduardoleyva306@gmail.com,Jóvenes,Inserción Laboral,,,Administración,Vinculado
I-00475-00685,PER-0623,JOSE ALFREDO CUAUTLE SAUCEDO,Masculino,26.0,,Administrativo,,,PUEBLA,,2224236302,alfre_28@outlook.com,Jóvenes,Inserción Laboral,,,Administración,Vinculado
