id_persona,id_persona_maestro,nombre,carrera,Institución,motivo_no_completado
A-00001-00003,PER-0003,GARDENIA HERANANDEZ R,indefinido,UTT,No es posible deducir una carrera concreta únicamente por la institución
I-00003-00005,PER-0005,YASMIN LOBATO LOPEZ,indefinido,UATx,No es posible deducir una carrera concreta únicamente por la institución
I-00004-00006,PER-0006,DIANA PALACIOS PEREZ,indefinido,UATx,No es posible deducir una carrera concreta únicamente por la institución
I-00005-00007,PER-0007,JULISSA LOPEZ MATUS,indefinido,UATx,No es posible deducir una carrera concreta únicamente por la institución
P-00002-00008,PER-0008,ANAHI SORIA LOBATON,indefinido,Universidad Interamericana,No es posible deducir una carrera concreta únicamente por la institución
P-00003-00009,PER-0009,ELVIA VANESSA P.R,indefinido,UTT,No es posible deducir una carrera concreta únicamente por la institución
P-00004-00010,PER-0010,GUSTAVO ROSETE T.,indefinido,Instituto Tecnológico de Apizaco,No es posible deducir una carrera concreta únicamente por la institución
I-00006-00011,PER-0011,FRANCISCO ANTONIO PEREZ,indefinido,UPIIT,No es posible deducir una carrera concreta únicamente por la institución
I-00007-00012,PER-0012,TANIA ZARATE GARCIA,indefinido,Instituto Mexicano de Valores,No es posible deducir una carrera concreta únicamente por la institución
P-00005-00013,PER-0013,KAROL SINAI R.,indefinido,UATx,No es posible deducir una carrera concreta únicamente por la institución
A-00004-00020,PER-0020,UBALDO IBAÑEZ HUERTA,indefinido,UTT,No es posible deducir una carrera concreta únicamente por la institución
I-00009-00026,PER-0026,SAUL HERNANDEZ NUÑEZ,indefinido,UPTx,No es posible deducir una carrera concreta únicamente por la institución
A-00006-00027,PER-0027,HO ALFREDO CONTERO,indefinido,Taller Talavera,No es posible deducir una carrera concreta únicamente por la institución
A-00007-00028,PER-0028,ALMA YEMEN SALAS,indefinido,Taller Talavera,No es posible deducir una carrera concreta únicamente por la institución
A-00008-00029,PER-0029,JATZIRI SARAHI SALAMANIA,indefinido,UATx,No es posible deducir una carrera concreta únicamente por la institución
A-00009-00030,PER-0030,MONSERRATH MALDONADO RODRIGUEZ,indefinido,UATx,No es posible deducir una carrera concreta únicamente por la institución
A-00010-00031,PER-0031,ALEYDIA PEREZ PEREZ,indefinido,Colegio Español,No es posible deducir una carrera concreta únicamente por la institución
P-00013-00038,PER-0038,NANZY TANIA GARCIA AGUILAR,indefinido,UPTREP,No es posible deducir una carrera concreta únicamente por la institución
P-00014-00039,PER-0039,CRISTINA GONZALEZ PALACIOS,indefinido,UPTREP,No es posible deducir una carrera concreta únicamente por la institución
P-00015-00040,PER-0040,ADOLFO ANGEL DIAZ,indefinido,UPTREP,No es posible deducir una carrera concreta únicamente por la institución
P-00017-00043,PER-0043,FELIPE DE JESUS CARMONA TEXIS,indefinido,UPTx,No es posible deducir una carrera concreta únicamente por la institución
I-00017-00064,PER-0064,WENDOLIN ZAINOS XOCHITIOTZI,Ayudante General,Indefinido,Sin institución compatible disponible en la base para esa carrera
I-00018-00065,PER-0065,FELICITOS NETZAHUAL BAUTISTA,Ayudante General,Indefinido,Sin institución compatible disponible en la base para esa carrera
A-00024-00085,PER-0085,NATANAEL TONATIUH HERNANDEZ ORTEGA,indefinido,UPTx,No es posible deducir una carrera concreta únicamente por la institución
A-00026-00087,PER-0087,LUCERO SARAHI HERRERA ROMERO,indefinido,BUAP,No es posible deducir una carrera concreta únicamente por la institución
A-00029-00090,PER-0090,ROMAN TECPA PEREZ,indefinido,UPTx,No es posible deducir una carrera concreta únicamente por la institución
A-00031-00092,PER-0092,ANEL HERNANDEZ HERNANDEZ,indefinido,ITA,No es posible deducir una carrera concreta únicamente por la institución
A-00037-00098,PER-0098,ANGEL PINTOR TEXPAN,indefinido,UATx,No es posible deducir una carrera concreta únicamente por la institución
P-00043-00099,PER-0099,IVAN CABALLERO JARAMILLO,indefinido,UATx,No es posible deducir una carrera concreta únicamente por la institución
A-00038-00100,PER-0100,JULIA ROLDAN FLORES,indefinido,UATx,No es posible deducir una carrera concreta únicamente por la institución
A-00039-00101,PER-0101,CONCEPCION ROLDAN FLORES,indefinido,UATx,No es posible deducir una carrera concreta únicamente por la institución
I-00041-00182,PER-0178,DIANA ESMERALDA POSADAS BONILLA,Estudiante,,Sin institución compatible disponible en la base para esa carrera
I-00045-00186,PER-0182,MAGDA CONSUELO CARRERA MORALES,Estudiante,,Sin institución compatible disponible en la base para esa carrera
I-00050-00191,PER-0187,KAREN LOPEZ SOSA,Estudiante,,Sin institución compatible disponible en la base para esa carrera
I-00051-00192,PER-0188,CAROLINA ARMAS ORTIZ,Estudiante,,Sin institución compatible disponible en la base para esa carrera
I-00053-00194,PER-0190,ROCIO GUTIERREZ PRAXEDIS,Estudiante,,Sin institución compatible disponible en la base para esa carrera
I-00054-00195,PER-0191,EDUARDO MORENO ORTEGA,Estudiante,,Sin institución compatible disponible en la base para esa carrera
I-00055-00196,PER-0192,JOSE DE JESUS HERNANDEZ MELO,Operador de Producción,,Sin institución compatible disponible en la base para esa carrera
I-00059-00200,PER-0196,BRANDON ARMANDO ZAMORA CHIMAL,Estudiante,,Sin institución compatible disponible en la base para esa carrera
I-00074-00215,PER-0211,MARIA MICHEL TEACALCO FLORES,Innovación de Negocios y Mercadotecnia,,Sin institución compatible disponible en la base para esa carrera
I-00075-00216,PER-0212,ELBA ADRIANA ZAMUDIO MENESES,Administración de Empresas,,Sin institución compatible disponible en la base para esa carrera
I-00080-00222,PER-0218,CARMEN ADRIANA LIMA SANCHEZ,Mercadotecnia,,Sin institución compatible disponible en la base para esa carrera
I-00082-00224,PER-0220,ANA GILDA GARCIA CEBALLOS,Ingeniería en Manufactura de Autopartes,,Sin institución compatible disponible en la base para esa carrera
I-00083-00225,PER-0221,JOSE RAYMUNDO VELAZQUEZ MUÑOZ,Ingeniería Ambiental,,Sin institución compatible disponible en la base para esa carrera
I-00089-00231,PER-0227,FERNANDO TELLEZ MAGDALENO,Empleado,,Sin institución compatible disponible en la base para esa carrera
I-00090-00232,PER-0228,TRINIDAD GUADALUPE FERNANDEZ GARCIA,Innovación de Negocios y Mercadotecnia,,Sin institución compatible disponible en la base para esa carrera
I-00094-00236,PER-0232,SINAHI GONZALEZ GOYRI,Innovación de Negocios y Mercadotecnia,,Sin institución compatible disponible en la base para esa carrera
I-00095-00237,PER-0233,CECILIA VAZQUEZ SANCHEZ,Nutrición,,Sin institución compatible disponible en la base para esa carrera
I-00100-00242,PER-0238,JAQUELINE MOZO HERNANDEZ,Ingeniería en Procesos y Operaciones Industriales,,Sin institución compatible disponible en la base para esa carrera
I-00103-00245,PER-0241,ROSALINDA ORTIZ,Gestión del Capital Humano,,Sin institución compatible disponible en la base para esa carrera
I-00105-00247,PER-0243,ANDREA ELIZABETH FRAGOSO DEL CARMEN,Ingeniería en Procesos y Operaciones Industriales,,Sin institución compatible disponible en la base para esa carrera
I-00106-00248,PER-0244,ALONDRA CORONA HERRERA,Comercio Internacional y Aduanas,,Sin institución compatible disponible en la base para esa carrera
I-00108-00250,PER-0246,CARLOS DAVID FERNANDEZ ZAMORA,Ingeniería en Procesos y Operaciones Industriales,,Sin institución compatible disponible en la base para esa carrera
I-00110-00252,PER-0248,ERICK HERNANDEZ REYES,Ingeniería en Procesos y Operaciones Industriales,,Sin institución compatible disponible en la base para esa carrera
I-00111-00253,PER-0249,FERNANDO GOMEZ CASILLAS,Ingeniería Logística,,Sin institución compatible disponible en la base para esa carrera
I-00116-00258,PER-0254,KAREN SHAMED AGUILAR GARCIA,Actuaría,,Sin institución compatible disponible en la base para esa carrera
I-00119-00261,PER-0257,MERARI CORTES SANCHEZ,Ingeniería en Economía y Finanzas,,Sin institución compatible disponible en la base para esa carrera
I-00120-00262,PER-0258,PAULA FLORES RAMIREZ,Ingeniero en Procesos y Gestión Industrial,,Sin institución compatible disponible en la base para esa carrera
I-00125-00267,PER-0263,ERICK ANTONIO SANCHEZ ZUÑIGA,Mantenimiento,,Sin institución compatible disponible en la base para esa carrera
I-00129-00271,PER-0267,YARIM YOALI CORTES MONTAÑO,Arquitectura,,Sin institución compatible disponible en la base para esa carrera
I-00130-00272,PER-0268,JOSE GERARDO LOPEZ MONTIEL,Gestión del Capital Humano,,Sin institución compatible disponible en la base para esa carrera
I-00132-00274,PER-0270,EDGAR LOPEZ ACAMETITLA,Ingeniería Logística,,Sin institución compatible disponible en la base para esa carrera
I-00135-00277,PER-0273,DOLORES VILLORDO SANCHEZ,Ingeniería en Negocios y Gestión Empresarial,,Sin institución compatible disponible en la base para esa carrera
I-00136-00278,PER-0274,KARLA ABIGAIL CONTRERAS HERNANDEZ,Mercadotecnia y Publicidad,,Sin institución compatible disponible en la base para esa carrera
I-00137-00279,PER-0275,EDGAR RAMIREZ,Producción,,Sin institución compatible disponible en la base para esa carrera
I-00141-00283,PER-0279,BRENDA HUERTA MENDOZA,"Administración, Especialidad en Mercadotecnia",,Sin institución compatible disponible en la base para esa carrera
I-00144-00286,PER-0282,KEVIN EXAU SANCHEZ,Seguridad e Higiene,,Sin institución compatible disponible en la base para esa carrera
I-00145-00287,PER-0283,BEATRIZ ELIA LARA ROJAS,Empleado,,Sin institución compatible disponible en la base para esa carrera
I-00148-00290,PER-0286,TERESA CAHUANTZI,Empleado,,Sin institución compatible disponible en la base para esa carrera
I-00149-00291,PER-0287,ALESANDRA MUÑOZ GEORGE,Empleado,,Sin institución compatible disponible en la base para esa carrera
I-00150-00292,PER-0288,MARTINA CAJICO ZARATE,Empleado,,Sin institución compatible disponible en la base para esa carrera
I-00157-00299,PER-0295,YAMILET LOPEZ,TSU en Administración,,Sin institución compatible disponible en la base para esa carrera
I-00159-00301,PER-0297,JOSE JUAN BERNAL JIMENEZ,TSU en Administración,,Sin institución compatible disponible en la base para esa carrera
I-00160-00302,PER-0298,ELEAZAR CARRERA GUZMAN,TSU en Administración,,Sin institución compatible disponible en la base para esa carrera
I-00162-00304,PER-0300,DANA MICHEL RAMIREZ PEREZ,TSU en Administración,,Sin institución compatible disponible en la base para esa carrera
I-00182-00324,PER-0320,LESLY DAFNE DE GANTE PALAFOX,Estudiante,,Sin institución compatible disponible en la base para esa carrera
P-00090-00326,PER-0322,KARLA ESTEFANI SALDAÑA FORES,Practicante,,Sin institución compatible disponible en la base para esa carrera
I-00184-00327,PER-0323,MARIA FERNANDA LOPEZ ALDECO,Estudiante,,Sin institución compatible disponible en la base para esa carrera
I-00191-00334,PER-0330,ANTONIO DE JESUS ARCINIEGA TORRES,Estudiante,,Sin institución compatible disponible en la base para esa carrera
I-00198-00341,PER-0337,LAURA ESTELA RODRIGUEZ JIMENEZ,Secundaria,,Sin institución compatible disponible en la base para esa carrera
I-00201-00344,PER-0340,ALBERTO ANAEL SOLAS AGUOLA,Técnico Eléctrico,,Sin institución compatible disponible en la base para esa carrera
I-00213-00356,PER-0352,NOE MENA SANCHEZ,Actuaría,,Sin institución compatible disponible en la base para esa carrera
I-00215-00358,PER-0354,BRENDA BRIONES GALAVIZ,Innovación de Negocios y Mercadotecnia,,Sin institución compatible disponible en la base para esa carrera
I-00217-00360,PER-0356,ISABEL LOPEZ HERNANDEZ,Innovación de Negocios y Mercadotecnia,,Sin institución compatible disponible en la base para esa carrera
I-00219-00364,PER-0360,MARIA JANNETT TORRES PATIÑO,Licenciatura,,Sin institución compatible disponible en la base para esa carrera
I-00221-00366,PER-0362,JANET ANGEL ANGEL,Innovación de Negocios y Mercadotecnia,,Sin institución compatible disponible en la base para esa carrera
I-00222-00367,PER-0363,ARTURO DIAZ VAZQUEZ,Maestría,,Sin institución compatible disponible en la base para esa carrera
I-00223-00368,PER-0364,MARIA FERNANDA ROBLES HERNANDEZ,Innovación de Negocios y Mercadotecnia,,Sin institución compatible disponible en la base para esa carrera
I-00225-00370,PER-0366,DANIELA GONZALEZ SALDAÑA,Innovación de Negocios y Mercadotecnia,,Sin institución compatible disponible en la base para esa carrera
I-00226-00371,PER-0367,LISSET GUADALUPE CARRILLO MARTINEZ,Operación de Producción,,Sin institución compatible disponible en la base para esa carrera
I-00228-00373,PER-0369,YERENNISSEY MEDINA PEREZ,Auxiliar Administrativo,,Sin institución compatible disponible en la base para esa carrera
I-00229-00374,PER-0370,NANCY CITLALY ZAMORA MILA,Costura y Computación,,Sin institución compatible disponible en la base para esa carrera
I-00230-00375,PER-0371,ULISES PATLANI ESPINOZA,Ámbito Electrónico,,Sin institución compatible disponible en la base para esa carrera
I-00231-00376,PER-0372,CAROLINA BONILLA ESPINOSA,Técnico,,Sin institución compatible disponible en la base para esa carrera
I-00233-00378,PER-0374,BIBIANA LOPEZ GARCIA,Seguridad Industrial,,Sin institución compatible disponible en la base para esa carrera
I-00236-00381,PER-0377,MARIA SARAY SANCHEZ MARTINEZ,Psicopedagogía,,Sin institución compatible disponible en la base para esa carrera
I-00237-00382,PER-0378,JOSE ANTONIO MONTERO LOPEZ,Calidad,,Sin institución compatible disponible en la base para esa carrera
I-00240-00385,PER-0381,GUSTAVO RAMIREZ PARRAGUIRRE,Ingeniería en Procesos y Operaciones Industriales,,Sin institución compatible disponible en la base para esa carrera
I-00245-00390,PER-0386,RENATO BALDERAS GONZALES,Seguridad Nacional,,Sin institución compatible disponible en la base para esa carrera
I-00246-00391,PER-0387,ANGELES VEDOYA HERNANDEZ,Administración Turística,,Sin institución compatible disponible en la base para esa carrera
I-00248-00393,PER-0389,ALEJANDRA TABALES CUEVAS,Técnico en Puericultura,,Sin institución compatible disponible en la base para esa carrera
I-00251-00396,PER-0392,MARLETT GUADALUPE CERVANTES CARMONA,Ingeniería Electrónica,,Sin institución compatible disponible en la base para esa carrera
I-00252-00397,PER-0393,JULIO CESAR LEAN MONTIEL,TSU en Procesos de Producción,,Sin institución compatible disponible en la base para esa carrera
I-00253-00398,PER-0394,JUAN SANCHEZ PLUMA,Técnico,,Sin institución compatible disponible en la base para esa carrera
I-00254-00399,PER-0395,ALEJANDRO CORONA FLORES,Secundaria,,Sin institución compatible disponible en la base para esa carrera
I-00263-00408,PER-0404,SANTA DE LOS SANTOS CUELLAR,Ingeniería en Logística Comercial Global,,Sin institución compatible disponible en la base para esa carrera
I-00266-00411,PER-0407,CRISTIAN LOPEZ CATILLO,Comercio Internacional,,Sin institución compatible disponible en la base para esa carrera
I-00269-00414,PER-0410,DIANA LAURA HERNANDEZ GUERRERO,Ingeniería en Logística Comercial Global,,Sin institución compatible disponible en la base para esa carrera
I-00270-00415,PER-0411,MARIA DE LA LUZ LOPEZ CUAPILLA,Empleado,,Sin institución compatible disponible en la base para esa carrera
I-00271-00416,PER-0412,LUIS EDUARDO PINEDA CORDERO,Automatización y Diseño,,Sin institución compatible disponible en la base para esa carrera
I-00273-00418,PER-0414,DAVID FERNANDEZ SANCHEZ,Ingeniería en Procesos y Operaciones Industriales,,Sin institución compatible disponible en la base para esa carrera
I-00288-00433,PER-0428,ESTEFANNY TEPEPA LOPEZ,Nutrición,,Sin institución compatible disponible en la base para esa carrera
I-00294-00439,PER-0434,CARLOS ALEXIS HERNANDEZ GARCIA,Ingeniería Electrónica,,Sin institución compatible disponible en la base para esa carrera
I-00295-00440,PER-0435,ANGELICA PORTILLO MARTINEZ,Enfermería,,Sin institución compatible disponible en la base para esa carrera
I-00297-00442,PER-0437,LEONARDO BELLO MONTIEL,Ayudante General,,Sin institución compatible disponible en la base para esa carrera
I-00313-00458,PER-0453,MARIA ELENA QUINTANA RODRIGUEZ,Administración de Empresas,,Sin institución compatible disponible en la base para esa carrera
I-00322-00467,PER-0462,AXEL EDREY SOTELO MENDOZA,Gestión del Capital Humano,,Sin institución compatible disponible en la base para esa carrera
I-00325-00470,PER-0465,MARCOSH HERNANDEZ CAMACHO,Ayudante General,,Sin institución compatible disponible en la base para esa carrera
I-00326-00471,PER-0466,CANDELARIA MARQUEZ GARCIA,Administración de Empresas,,Sin institución compatible disponible en la base para esa carrera
I-00340-00485,PER-0480,IVONNE SALAMANCA RODRIGUEZ,Tecnologías de la Información y Comunicación,,Sin institución compatible disponible en la base para esa carrera
P-00129-00555,PER-0542,DIDIER ZAMORA NOPHAL,Psicoterapia,,Sin institución compatible disponible en la base para esa carrera
P-00130-00556,PER-0543,CHRISTOPHER SAGREGO VAZQUEZ,Administración de Empresas,,Sin institución compatible disponible en la base para esa carrera
P-00131-00557,PER-0544,HECTOR ALEJANDRO VELAZCO PEREZ,Comercio Internacional,,Sin institución compatible disponible en la base para esa carrera
P-00132-00558,PER-0545,CYNTHIA CAHUANTZI GARCIA,Gestión Empresarial,,Sin institución compatible disponible en la base para esa carrera
P-00152-00578,PER-0562,FERNANDO MIRANDA MILLAN,Mantenimiento Automotriz,,Sin institución compatible disponible en la base para esa carrera
I-00376-00586,PER-0568,JESUS MUÑOZ GONZALEZ,Mantenimiento,,Sin institución compatible disponible en la base para esa carrera
I-00380-00590,PER-0572,YAHIR ISAAC TEHOZOL PEDRAZA,Ayudante General,,Sin institución compatible disponible en la base para esa carrera
I-00384-00594,PER-0575,OSCAR ABEL MUÑOZ NAVA,TSU en Mecatrónica,,Sin institución compatible disponible en la base para esa carrera
I-00389-00599,PER-0295,YAMILET LOPEZ,TSU en Administración,,Sin institución compatible disponible en la base para esa carrera
I-00391-00601,PER-0297,JOSE JUAN BERNAL JIMENEZ,TSU en Administración,,Sin institución compatible disponible en la base para esa carrera
I-00393-00603,PER-0298,ELEAZAR CARRERA GUZMAN,TSU en Administración,,Sin institución compatible disponible en la base para esa carrera
I-00396-00606,PER-0300,DANA MICHEL RAMIREZ PEREZ,TSU en Administración,,Sin institución compatible disponible en la base para esa carrera
I-00398-00608,PER-0301,EDGAR RAMIREZ ALVAREZ,Ingeniería Mecánica,,Sin institución compatible disponible en la base para esa carrera
I-00405-00615,PER-0587,BETZUAC DAVILA HERNANDEZ,Ingeniería en Negocios y Gestión Empresarial,,Sin institución compatible disponible en la base para esa carrera
I-00407-00617,PER-0588,BRAHAYAN RONNY DE LA ROSA CARDERON,TSU,,Sin institución compatible disponible en la base para esa carrera
I-00408-00618,PER-0301,EDGAR RAMIREZ ALVAREZ,Ingeniería Mecánica,,Sin institución compatible disponible en la base para esa carrera
I-00409-00619,PER-0283,BEATRIZ ELIA LARA ROJAS,Empleado,,Sin institución compatible disponible en la base para esa carrera
I-00411-00621,PER-0285,LISSETTE CAMACHO VIXTO,Administración o Ayudante General,,Sin institución compatible disponible en la base para esa carrera
I-00412-00622,PER-0286,TERESA CAHUANTZI,Empleado,,Sin institución compatible disponible en la base para esa carrera
I-00413-00623,PER-0287,ALESANDRA MUÑOZ GEORGE,Empleado,,Sin institución compatible disponible en la base para esa carrera
I-00414-00624,PER-0288,MARTINA CAJICO ZARATE,Empleado,,Sin institución compatible disponible en la base para esa carrera
I-00421-00631,PER-0279,BRENDA HUERTA MENDOZA,"Administración, Especialidad en Mercadotecnia",,Sin institución compatible disponible en la base para esa carrera
I-00422-00632,PER-0280,YADIRA SANCHEZ CAMARILLO,Administrativo,,Sin institución compatible disponible en la base para esa carrera
I-00423-00633,PER-0302,BRENDA DE GRANDE DIAZ,Ingeniería en Negocios y Gestión Empresarial,,Sin institución compatible disponible en la base para esa carrera
I-00425-00635,PER-0273,DOLERES VILLARDO SANCHEZ,Ingeniería en Negocios y Gestión Empresarial,,Sin institución compatible disponible en la base para esa carrera
I-00426-00636,PER-0282,KEVIN EXAU SANCHEZ,Auxiliar en Seguridad e Higiene,,Sin institución compatible disponible en la base para esa carrera
I-00434-00644,PER-0596,JORGE ENRIQUE CORONA LOPEZ,Mercadotecnia,,Sin institución compatible disponible en la base para esa carrera
I-00444-00654,PER-0602,JANET NAVA MORALES,Estudiante,,Sin institución compatible disponible en la base para esa carrera
I-00445-00655,PER-0603,CESAR TLACHI HERNANDEZ,Maestría en Impuestos,,Sin institución compatible disponible en la base para esa carrera
I-00451-00661,PER-0302,BRENDA DE GANTE DIAZ,Ingeniería en Negocios y Gestión Empresarial,,Sin institución compatible disponible en la base para esa carrera
I-00455-00665,PER-0275,EDGAR RAMIREZ,Ingeniería Mecánica,,Sin institución compatible disponible en la base para esa carrera
I-00456-00666,PER-0613,ANABEL PEREZ ACOSTI,Costura,,Sin institución compatible disponible en la base para esa carrera
I-00459-00669,PER-0273,DOLORES VILLORDO SANCHEZ,Ingeniería en Negocios y Gestión Empresarial,,Sin institución compatible disponible en la base para esa carrera
I-00460-00670,PER-0274,KARLA ABIGAIL CONTRERAS HERNANDEZ,Mercadotecnia y Publicidad,,Sin institución compatible disponible en la base para esa carrera
I-00461-00671,PER-0275,EDGAR RAMIREZ,Producción,,Sin institución compatible disponible en la base para esa carrera
I-00469-00679,PER-0285,LISSETTE CAMACHO VIXTA,Administrativo,,Sin institución compatible disponible en la base para esa carrera
I-00471-00681,PER-0302,BRENDA DEGANTE DIAZ,Ingeniería en Negocios y Gestión Empresarial,,Sin institución compatible disponible en la base para esa carrera
I-00474-00684,PER-0304,EDUARDO LEYVA SANCHEZ,Administrativo,,Sin institución compatible disponible en la base para esa carrera
I-00475-00685,PER-0623,JOSE ALFREDO CUAUTLE SAUCEDO,Administrativo,,Sin institución compatible disponible en la base para esa carrera
I-00478-00688,PER-0273,DOLORES VILLORDO SANCHEZ,Ingeniería en Negocios y Gestión Empresarial,,Sin institución compatible disponible en la base para esa carrera
