carrera,registros_modificados,distribucion_final
Administración,24,UATx: 37
Bachillerato,13,UTT: 14
Ciencias de la Educación,2,UATx: 4
Contaduría Pública,2,UATx: 8; UPTx: 2; ITSSMT: 2; UPTREP: 2
Derecho,9,UATx: 12
Desarrollo de Negocios Área de Mercadotecnia,1,UPTx: 2
Diseño Textil,2,UPTx: 3
Economía,1,UATx: 2
Ingeniería,3,UTT: 4
Ingeniería Civil,1,UPTREP: 2
Ingeniería Electromecánica,4,UPTx: 3; UATx: 3
Ingeniería Eléctrica,2,UATx: 3
Ingeniería Industrial,33,UPTx: 53
Ingeniería Mecatrónica,39,Instituto Tecnológico de Apizaco: 12; UATx: 11; UPTx: 11; UPTREP: 11; UDLAP: 1; Universidad Abierta y a Distancia de México: 1
Ingeniería Química,22,UPTx: 13; UTT: 13
Ingeniería en Administración,7,UPTx: 8
Ingeniería en Biotecnología,9,UATx: 7; UPTx: 6; Instituto Franciscano de Oriente: 1
Ingeniería en Gestión Empresarial,8,Instituto Tecnológico de Apizaco: 5; UATx: 5
Ingeniería en Logística y Transporte,1,UPTx: 2
Ingeniería en Mantenimiento Industrial,1,UTT: 2
Ingeniería en Sistemas Automotrices,5,UATx: 4; UPTx: 3
Ingeniería en Sistemas Computacionales,3,UATx: 4
Ingeniería en Tecnologías de la Información y Comunicación,5,Instituto Tecnológico de Apizaco: 4; UPTx: 4; UPTREP: 3
Logística y Transporte,6,UATx: 4; Instituto Tecnológico Superior de Tlaxco: 4; UPAEP: 1
Mantenimiento Industrial,3,Instituto Tecnológico de Apizaco: 3; UVT: 2; UPTx: 2; UATx: 2
Negocios Internacionales,14,UATx: 26; UPTx: 17
Psicología,10,UATx: 14
Sin Información,23,UATx: 13; UPTx: 13; UVT: 12; Instituto Franciscano de Oriente: 1
