carrera,pendientes
Estudiante,11
Empleado,10
Ayudante General,5
Administrativo,4
Mantenimiento,2
Secundaria,2
Ingeniería en Logística Comercial Global,2
Técnico,2
Producción,2
Ingeniero en Procesos y Gestión Industrial,1
Seguridad e Higiene,1
Practicante,1
Técnico Eléctrico,1
Licenciatura,1
Ingeniería Ambiental,1
Operador de Producción,1
Ingeniería en Manufactura de Autopartes,1
Auxiliar Administrativo,1
Operación de Producción,1
Maestría,1
Ámbito Electrónico,1
Seguridad Industrial,1
Calidad,1
Seguridad Nacional,1
Costura y Computación,1
Técnico en Puericultura,1
Automatización y Diseño,1
TSU,1
Mantenimiento Automotriz,1
Administración o Ayudante General,1
Auxiliar en Seguridad e Higiene,1
Maestría en Impuestos,1
Costura,1
