ID Vacante,ID Registro Origen,Actividad,Fecha,Empresa,Sector Empresa,Puesto Original,Tipo de Vacante,Categoría de Puesto,Tipo de Oportunidad,Área de Oportunidad,Descripción,Requisitos,Beneficios,Link de la Publicación,Estado
VAC-0001,ORI-0001,Publicación de vacantes,25/01/2024,Greenbrier,Industria Metal Mecánica,Supervisor de Soldadura,Supervisor de Soldadura,Otros,Empleo,,,"Soldadura GMAW, SMAW, SAW, planos, defectos, inspección visual, manejo de personal","Prestaciones superiores, transporte, comedor",https://www.facebook.com/SEDECOTLAXCALA/posts/pfbid05BSG5ecKZhiUkLLKnpzdvGzt5nFVxZNn,Activa
VAC-0002,ORI-0002,Publicación de vacantes,25/01/2024,Greenbrier,Industria Metal Mecánica,Técnico Planeador,Técnico Planeador,Ingeniería,Empleo,,,"Planeación producción, abastecimiento, almacén, stocks, ventas, programación","Capacitación, bonos, prestaciones superiores, transporte, vales, comedor",https://www.facebook.com/SEDECOTLAXCALA/posts/pfbid05BSG5ecKZhiUkLLKnpzdvGzt5nFVxZNn,Activa
VAC-0003,ORI-0003,Publicación de vacantes,25/01/2024,Greenbrier,Industria Metal Mecánica,Supervisor de Mantenimiento,Supervisor de Mantenimiento,Mantenimiento y Electromecánica,Empleo,,,"Mantenimiento preventivo, mecánica, PLC, CNC, Lean, hidráulica, neumática","Capacitación, bonos, prestaciones superiores, transporte, vales, comedor",https://www.facebook.com/SEDECOTLAXCALA/posts/pfbid05BSG5ecKZhiUkLLKnpzdvGzt5nFVxZNn,Activa
VAC-0004,ORI-0004,Publicación de vacantes,25/01/2024,Greenbrier,Industria Metal Mecánica,Ingeniero de Seguridad Industrial,Ingeniero de Seguridad Industrial,Ingeniería,Empleo,,,"Alturas, espacios confinados, soldadura, corte, seguridad, EPP","Capacitación, bonos, prestaciones superiores, transporte, vales, comedor",https://www.facebook.com/SEDECOTLAXCALA/posts/pfbid05BSG5ecKZhiUkLLKnpzdvGzt5nFVxZNn,Activa
VAC-0005,ORI-0005,Publicación de vacantes,25/01/2024,Greenbrier,Industria Metal Mecánica,Operador de Track mobile/Montacargas,Operador de Trackmobile / Montacargas,Producción y Operaciones,Empleo,,,"Bachillerato, DC3, inventarios, Excel, rolar turnos","Capacitación, bonos, prestaciones superiores, transporte, vales, comedor",https://www.facebook.com/SEDECOTLAXCALA/posts/pfbid05BSG5ecKZhiUkLLKnpzdvGzt5nFVxZNn,Activa
VAC-0006,ORI-0006,Publicación de vacantes,25/01/2024,Greenbrier,Industria Metal Mecánica,Supervisor de Materiales,Supervisor de Materiales,Logística y Almacén,Empleo,,,"ERP, inventarios, logística, lean manufacturing","Capacitación, bonos, prestaciones superiores, transporte, vales, comedor",https://www.facebook.com/SEDECOTLAXCALA/posts/pfbid05BSG5ecKZhiUkLLKnpzdvGzt5nFVxZNn,Activa
VAC-0007,ORI-0007,Publicación de vacantes,25/01/2024,Greenbrier,Industria Metal Mecánica,Capturista/Almacén - Inventarios,Capturista de Almacén e Inventarios,Logística y Almacén,Empleo,,,"Entradas y salidas, inventarios, reportes","Capacitación, bonos, prestaciones superiores, transporte, vales, comedor",https://www.facebook.com/SEDECOTLAXCALA/posts/pfbid05BSG5ecKZhiUkLLKnpzdvGzt5nFVxZNn,Activa
VAC-0008,ORI-0008,Publicación de vacantes,25/01/2024,Greenbrier,Industria Metal Mecánica,Inspector de Calidad,Inspector de Calidad,Calidad,Empleo,,,"Soldadura, normas, pruebas no destructivas","Capacitación, bonos, prestaciones superiores, transporte, vales, comedor",https://www.facebook.com/SEDECOTLAXCALA/posts/pfbid05BSG5ecKZhiUkLLKnpzdvGzt5nFVxZNn,Activa
VAC-0009,ORI-0009,Publicación de vacantes,17/04/2024,Greenbrier,Industria Metal Mecánica,Prácticas profesionales,Prácticas Profesionales,Formación y Vinculación,Prácticas Profesionales,Calidad,,,,,Activa
VAC-0010,ORI-0009,Publicación de vacantes,17/04/2024,Greenbrier,Industria Metal Mecánica,Prácticas profesionales,Prácticas Profesionales,Formación y Vinculación,Prácticas Profesionales,Seguridad Industrial,,,,,Activa
VAC-0011,ORI-0009,Publicación de vacantes,17/04/2024,Greenbrier,Industria Metal Mecánica,Prácticas profesionales,Prácticas Profesionales,Formación y Vinculación,Prácticas Profesionales,Mejora Continua,,,,,Activa
VAC-0012,ORI-0009,Publicación de vacantes,17/04/2024,Greenbrier,Industria Metal Mecánica,Prácticas profesionales,Prácticas Profesionales,Formación y Vinculación,Prácticas Profesionales,Recursos Humanos,,,,,Activa
VAC-0013,ORI-0009,Publicación de vacantes,17/04/2024,Greenbrier,Industria Metal Mecánica,Prácticas profesionales,Prácticas Profesionales,Formación y Vinculación,Prácticas Profesionales,Capacitación,,,,,Activa
VAC-0014,ORI-0009,Publicación de vacantes,17/04/2024,Greenbrier,Industria Metal Mecánica,Prácticas profesionales,Prácticas Profesionales,Formación y Vinculación,Prácticas Profesionales,Nóminas,,,,,Activa
VAC-0015,ORI-0010,Publicación de vacantes,20/09/2024,Greenbrier,Industria Metal Mecánica,Médico industrial jr,Médico Industrial Jr.,Seguridad y Salud,Empleo,,"Ley seguridad social, LFT, NOMS, STPS","1 año salud ocupacional, 24 años en adelante","Prestaciones de ley, comedor, seguro, fondo de ahorro",,Activa
VAC-0016,ORI-0011,Publicación de vacantes,21/09/2024,Greenbrier,Industria Metal Mecánica,Ingeniero Industrial,Ingeniero Industrial,Ingeniería,Empleo,,"Extintores, residuos peligrosos, evaluación y rescate",Experiencia 2 años,"Prestaciones, bono, transporte, vales, comedor",,Activa
VAC-0017,ORI-0012,Publicación de vacantes,10/01/2025,Greenbrier,Industria Metal Mecánica,Técnico de mantenimiento,Técnico de Mantenimiento,Mantenimiento y Electromecánica,Empleo,,"Eléctrica/mecánica, planos, variadores, hidráulica, neumática, PLC","Bachillerato/técnico/TSU, experiencia 2 años","Prestaciones superiores, SGMM, vales, fondo, comedor",,Activa
VAC-0018,ORI-0013,Publicación de vacantes,10/01/2025,Greenbrier,Industria Metal Mecánica,Médico industrial jr,Médico Industrial Jr.,Seguridad y Salud,Empleo,,"RCP, audiometrías, IMSS, NOMS, expedientes clínicos","Licenciatura médica, experiencia 1 año","Prestaciones superiores, SGMM, vales, fondo",,Activa
VAC-0019,ORI-0014,Publicación de vacantes,10/01/2025,Greenbrier,Industria Metal Mecánica,Ayudante general,Ayudante General,Producción y Operaciones,Empleo,,,"Sin experiencia, rolar turnos, documentación","Bonos, prestaciones superiores, transporte, vales, comedor",,Activa
VAC-0020,ORI-0015,Publicación de vacantes,13/01/2025,Greenbrier,Industria Metal Mecánica,Prácticas profesionales,Prácticas Profesionales,Formación y Vinculación,Prácticas Profesionales,,,Último semestre licenciatura o ingeniería,"Transporte, comedor, liberación de prácticas",,Activa
VAC-0021,ORI-0016,Publicación de vacantes,05/04/2024,UMÁ RM3,Sin dato,Pasantes,Pasantes,Otros,Empleo,,,"Ingeniería metalúrgica; Disponibilidad, vivir en Huamantla",,,Activa
VAC-0022,ORI-0017,Publicación de vacantes,05/04/2024,UMÁ RM3,Sin dato,Ayudantes Generales,Ayudante General,Producción y Operaciones,Empleo,,"Carga/descarga, montacargas, taladro, pulidora","Secundaria/preparatoria, vivir en Huamantla",,,Activa
VAC-0023,ORI-0018,Publicación de vacantes,17/04/2024,UMÁ RM3,Sin dato,Pasantes,Pasantes,Otros,Empleo,,,"Ingeniería mecánica, eléctrica, mecatrónica o industrial; Seguro facultativo, vivir en Huamantla, rolar turnos",,,Activa
VAC-0024,ORI-0019,Publicación de vacantes,20/06/2024,UMÁ RM3,Sin dato,Prácticas Profesionales,Prácticas Profesionales,Formación y Vinculación,Prácticas Profesionales,Ciencias Ambientales / Medio Ambiente,,Seguro facultativo,,,Activa
VAC-0025,ORI-0020,Publicación de vacantes,12/02/2024,SIMEC,Industria De La Construcción,Prácticas profesionales,Prácticas Profesionales,Formación y Vinculación,Prácticas Profesionales,Recursos Humanos,,Seguro facultativo,,,Activa
VAC-0026,ORI-0020,Publicación de vacantes,12/02/2024,SIMEC,Industria De La Construcción,Prácticas profesionales,Prácticas Profesionales,Formación y Vinculación,Prácticas Profesionales,Producción,,Seguro facultativo,,,Activa
VAC-0027,ORI-0020,Publicación de vacantes,12/02/2024,SIMEC,Industria De La Construcción,Prácticas profesionales,Prácticas Profesionales,Formación y Vinculación,Prácticas Profesionales,Almacén,,Seguro facultativo,,,Activa
VAC-0028,ORI-0020,Publicación de vacantes,12/02/2024,SIMEC,Industria De La Construcción,Prácticas profesionales,Prácticas Profesionales,Formación y Vinculación,Prácticas Profesionales,Tecnologías de la Información,,Seguro facultativo,,,Activa
VAC-0029,ORI-0020,Publicación de vacantes,12/02/2024,SIMEC,Industria De La Construcción,Prácticas profesionales,Prácticas Profesionales,Formación y Vinculación,Prácticas Profesionales,Finanzas,,Seguro facultativo,,,Activa
VAC-0030,ORI-0021,Publicación de vacantes,18/06/2024,SIMEC,Industria De La Construcción,Prácticas profesionales,Prácticas Profesionales,Formación y Vinculación,Prácticas Profesionales,Administración,,Seguro facultativo,,,Activa
VAC-0031,ORI-0021,Publicación de vacantes,18/06/2024,SIMEC,Industria De La Construcción,Prácticas profesionales,Prácticas Profesionales,Formación y Vinculación,Prácticas Profesionales,Finanzas,,Seguro facultativo,,,Activa
VAC-0032,ORI-0021,Publicación de vacantes,18/06/2024,SIMEC,Industria De La Construcción,Prácticas profesionales,Prácticas Profesionales,Formación y Vinculación,Prácticas Profesionales,Gestión Empresarial,,Seguro facultativo,,,Activa
VAC-0033,ORI-0022,Publicación de vacantes,26/08/2024,SIMEC,Industria De La Construcción,Inspector de calidad,Inspector de Calidad,Calidad,Empleo,,,Ingeniería industrial; Experiencia 1 año,,,Activa
VAC-0034,ORI-0023,Publicación de vacantes,27/08/2024,SIMEC,Industria De La Construcción,Ayudante general,Ayudante General,Producción y Operaciones,Empleo,,,"Secundaria, experiencia 6 meses",,,Activa
VAC-0035,ORI-0024,Publicación de vacantes,28/08/2024,SIMEC,Industria De La Construcción,Técnico eléctrico,Técnico Eléctrico,Mantenimiento y Electromecánica,Empleo,,,Carrera técnica; Experiencia 1 año,,,Activa
VAC-0036,ORI-0025,Publicación de vacantes,29/08/2024,SIMEC,Industria De La Construcción,Ingeniero en automatización,Ingeniero en Automatización,Ingeniería,Empleo,,"PLCs, HMIs, protocolos comunicación",Experiencia 2 años,,,Activa
VAC-0037,ORI-0026,Publicación de vacantes,30/08/2024,SIMEC,Industria De La Construcción,Operador de grúa viajera,Operador de Grúa Viajera,Producción y Operaciones,Empleo,,"Grúas viajeras, cabinas, montacargas, maquinaria pesada",Experiencia 1 año,,,Activa
VAC-0038,ORI-0027,Publicación de vacantes,06/11/2025,SIMEC,Industria De La Construcción,Ingeniero en Mantenimiento,Ingeniero de Mantenimiento,Mantenimiento y Electromecánica,Empleo,,"Mantenimiento, electromecánico, automatización",,,,Activa
VAC-0039,ORI-0028,Publicación de vacantes,06/11/2025,SIMEC,Industria De La Construcción,Comprador,Comprador,Logística y Almacén,Empleo,,,"Gestión empresarial/industrial, administración; 1 año experiencia",,,Activa
VAC-0040,ORI-0029,Publicación de vacantes,06/11/2025,SIMEC,Industria De La Construcción,Ejecutivo de ventas,Ejecutivo de Ventas,Ventas y Comercial,Empleo,,,"Área económico-administrativa; 3 años ventas, inglés intermedio",,,Activa
VAC-0041,ORI-0030,Publicación de vacantes,06/11/2025,SIMEC,Industria De La Construcción,Auxiliar de calidad,Auxiliar de Calidad,Calidad,Empleo,,,"Ingeniería industrial/procesos; 6 meses, rolar turnos, radicar cerca",,,Activa
VAC-0042,ORI-0031,Publicación de vacantes,06/11/2025,SIMEC,Industria De La Construcción,Ayudante general,Ayudante General,Producción y Operaciones,Empleo,,,"Rolar turnos, secundaria",,,Activa
VAC-0043,ORI-0032,Publicación de vacantes,20/02/2026,SIMEC,Industria De La Construcción,Ayudante general,Ayudante General,Producción y Operaciones,Empleo,,,"Secundaria, disponibilidad, INE, domicilio",,,Activa
VAC-0044,ORI-0033,Publicación de vacantes,09/04/2024,EC Grupo San Luis,Sin dato,Vigilante o Velador,Vigilante / Velador,Seguridad y Salud,Empleo,,,"Masculino, 2 años, 30-40 años, cartas, antecedentes no penales",,,Activa
VAC-0045,ORI-0034,Publicación de vacantes,19/06/2024,EC Grupo San Luis,Sin dato,Agente de Ventas,Agente de Ventas,Ventas y Comercial,Empleo,,,"Sexo indistinto, ventas 1 año, licencia","Sueldo competitivo, prestaciones",,Activa
VAC-0046,ORI-0035,Publicación de vacantes,08/05/2024,ITISA,Industria de la Construcción,Ayudante General,Ayudante General,Producción y Operaciones,Empleo,,,"Masculino, rolar turnos, trabajo pesado","Prestaciones superiores, transporte, sueldo semanal, vales",,Activa
VAC-0047,ORI-0036,Publicación de vacantes,08/05/2024,ITISA,Industria de la Construcción,Soldador,Soldador,Oficios y Técnicos,Empleo,,"Corte/nivelación de riel, soldadura térmica","Medición, seguridad industrial, soldadura térmica","Sueldo competitivo, capacitación",,Activa
VAC-0048,ORI-0037,Publicación de vacantes,08/05/2024,ITISA,Industria de la Construcción,Mecánico Industrial,Mecánico Industrial,Mantenimiento y Electromecánica,Empleo,,"Bombas hidráulicas, válvulas, rodamientos, neumática, hidráulica, soldadura",,"Premio asistencia, fondo, seguro, vales",,Activa
VAC-0049,ORI-0038,Publicación de vacantes,08/05/2024,ITISA,Industria de la Construcción,Eléctrico Industrial,Eléctrico Industrial,Mantenimiento y Electromecánica,Empleo,,"Control eléctrico, voltaje, diagramas, motor trifásico",,"Prestaciones, premio, seguro, vales",,Activa
VAC-0050,ORI-0039,Publicación de vacantes,14/06/2024,ITISA,Industria de la Construcción,Analista de Capital Humano,Analista de Capital Humano,Recursos Humanos,Empleo,,"Contratos, nómina, RIT, conflictos laborales","Título, 3 años, Excel, LFT, IMSS",,,Activa
VAC-0051,ORI-0040,Publicación de vacantes,14/06/2024,ITISA,Industria de la Construcción,Comprador,Comprador,Logística y Almacén,Empleo,,"Cotizaciones, materiales, órdenes compra, proveedores","SAP, Excel, inglés básico, experiencia","Prestaciones, premio, seguro, vales",,Activa
VAC-0052,ORI-0041,Publicación de vacantes,03/09/2024,ITISA,Industria de la Construcción,Mecánico Diésel,Mecánico Diésel,Mantenimiento y Electromecánica,Empleo,,"Motores diésel, maquinaria pesada, hidráulicos",5 años mantenimiento,"Prestaciones, fondo, seguro, vales",,Activa
VAC-0053,ORI-0042,Publicación de vacantes,03/09/2024,ITISA,Industria de la Construcción,Fresador CNC,Fresador CNC,Oficios y Técnicos,Empleo,,,"CNC, planos, medición, parámetros, tolerancias","Transporte, útiles, vales, fondo",,Activa
VAC-0054,ORI-0043,Publicación de vacantes,03/09/2024,ITISA,Industria de la Construcción,Operador de grúa titán,Operador de Grúa Titán,Producción y Operaciones,Empleo,,,Movilidad por obras foráneas,"Sueldo base, prestaciones, fondo, vales",,Activa
VAC-0055,ORI-0044,Publicación de vacantes,03/09/2024,ITISA,Industria de la Construcción,Soldador,Soldador,Oficios y Técnicos,Empleo,,,"Arco eléctrico, oxicorte, plasma","Vales, premio, fondo, seguro, transporte",,Activa
VAC-0056,ORI-0045,Publicación de vacantes,07/02/2025,ITISA,Industria de la Construcción,Tornero CNC,Tornero CNC,Oficios y Técnicos,Empleo,,Máquinas convencionales y fresa CNC,,"Prestaciones, transporte, fondo",,Activa
VAC-0057,ORI-0046,Publicación de vacantes,27/02/2026,ITISA,Industria de la Construcción,Ayudante General,Ayudante General,Producción y Operaciones,Empleo,,,"6 meses construcción/industria, rolar turnos","Transporte, vales, fondo, útiles",,Activa
VAC-0058,ORI-0047,Publicación de vacantes,19/04/2024,Trapimax,Industria Textil y del Vestido,Ayudante General,Ayudante General,Producción y Operaciones,Empleo,,,"Mayor 21, responsabilidad, rolar turnos","Sueldo competitivo, capacitación",,Activa
VAC-0059,ORI-0048,Publicación de vacantes,19/04/2024,Trapimax,Industria Textil y del Vestido,Ayudante de Producción,Ayudante de Producción,Producción y Operaciones,Empleo,,,"Ingeniero industrial, 2 años",Sueldo competitivo,,Activa
VAC-0060,ORI-0049,Publicación de vacantes,11/09/2024,Trapimax,Industria Textil y del Vestido,Chofer,Chofer,Transporte,Empleo,,Carreteras Tlaxcala/Puebla,"Licencia vigente, NSS, edad 21-45","Prestaciones, capacitación",,Activa
VAC-0061,ORI-0050,Publicación de vacantes,14/05/2025,Stripseel,Sin dato,Ayudante de producción,Ayudante de Producción,Producción y Operaciones,Empleo,,Grúas viajeras y montacargas,"Masculino 20-40, rolar turnos","Prestaciones, caja ahorro",,Activa
VAC-0062,ORI-0051,Publicación de vacantes,17/05/2024,Vetrotex,Sin dato,Operador General,Operador General,Producción y Operaciones,Empleo,,,"Secundaria/preparatoria, rolar turnos","Vales, fondo, ayuda decembrina, seguro, transporte, comedor, apoyos",,Activa
VAC-0063,ORI-0052,Publicación de vacantes,21/02/2025,Vetrotex,Sin dato,Operador General,Operador General,Producción y Operaciones,Empleo,,,"Secundaria/preparatoria, rolar turnos","Bonos, transporte, comedor, vales, fondo",,Activa
VAC-0064,ORI-0053,Publicación de vacantes,28/05/2024,Grupo R.D.A,Sin dato,Ayudante General,Ayudante General,Producción y Operaciones,Empleo,,,"18 años, indistinto, responsable, proactivo, puntual","Sueldo base, bonos, ambiente laboral",,Activa
VAC-0065,ORI-0054,Publicación de vacantes,17/02/2025,Corpus Trailers,Industria Automotriz,Ingeniero Industrial,Ingeniero Industrial,Ingeniería,Empleo,,NOM seguridad e higiene y primeros auxilios,"3 años, Office avanzado","Prestaciones, fondo",,Activa
VAC-0066,ORI-0055,Publicación de vacantes,05/06/2025,Corpus Trailers,Industria Automotriz,Ingeniero Industrial,Ingeniero Industrial,Ingeniería,Empleo,,NOM seguridad e higiene y primeros auxilios,"3 años, Office avanzado","Prestaciones, fondo",,Activa
VAC-0067,ORI-0056,Publicación de vacantes,05/06/2025,Corpus Trailers,Industria Automotriz,Soldador,Soldador,Oficios y Técnicos,Empleo,,,"Secundaria/bachillerato, 1 año","Fondo, transporte, prestaciones",,Activa
VAC-0068,ORI-0057,Publicación de vacantes,06/06/2025,Corpus Trailers,Industria Automotriz,Práctica profesionales,Prácticas Profesionales,Formación y Vinculación,Prácticas Profesionales,Contaduría,,Radicar cerca Cuapiaxtla,Apoyo económico,,Activa
VAC-0069,ORI-0057,Publicación de vacantes,06/06/2025,Corpus Trailers,Industria Automotriz,Práctica profesionales,Prácticas Profesionales,Formación y Vinculación,Prácticas Profesionales,Ingeniería Industrial,,Radicar cerca Cuapiaxtla,Apoyo económico,,Activa
VAC-0070,ORI-0057,Publicación de vacantes,06/06/2025,Corpus Trailers,Industria Automotriz,Práctica profesionales,Prácticas Profesionales,Formación y Vinculación,Prácticas Profesionales,Procesos,,Radicar cerca Cuapiaxtla,Apoyo económico,,Activa
VAC-0071,ORI-0058,Publicación de vacantes,28/08/2025,Corpus Trailers,Industria Automotriz,"Ingeniero Industrial, mecatrónico",Ingeniero Industrial,Ingeniería,Empleo,,"ISO 9000, SolidWorks, AutoCAD, SAP, hidráulica, Lean, CNC, Catia",,,,Activa
VAC-0072,ORI-0058,Publicación de vacantes,28/08/2025,Corpus Trailers,Industria Automotriz,"Ingeniero Industrial, mecatrónico",Ingeniero Mecatrónico,Ingeniería,Empleo,,"ISO 9000, SolidWorks, AutoCAD, SAP, hidráulica, Lean, CNC, Catia",,,,Activa
VAC-0073,ORI-0059,Publicación de vacantes,12/12/2025,Corpus Trailers,Industria Automotriz,Carpintero,Carpintero,Oficios y Técnicos,Empleo,,Herramientas carpintería,"1 año, cerca planta","Prestaciones, PTU",,Activa
VAC-0074,ORI-0060,Publicación de vacantes,12/12/2025,Corpus Trailers,Industria Automotriz,Analista de costos y control de flota,Analista de Costos y Control de Flota,Administración y Finanzas,Empleo,,KPIs,1 año,"Prestaciones, PTU",,Activa
VAC-0075,ORI-0061,Publicación de vacantes,12/12/2025,Corpus Trailers,Industria Automotriz,Asesor financiero,Asesor Financiero,Administración y Finanzas,Empleo,,,Finanzas y Economía; 2 años,"Prestaciones, PTU",,Activa
VAC-0076,ORI-0062,Publicación de vacantes,24/02/2026,Corpus Trailers,Industria Automotriz,Ayudante General,Ayudante General,Producción y Operaciones,Empleo,,"Pulidora, remachadora, taladro, medición","1 año, máximo 45","Aguinaldo, vacaciones, utilidades",,Activa
VAC-0077,ORI-0063,Publicación de vacantes,07/02/2024,CEBI,Industria Automotriz,Ingeniero de Ventas,Ingeniero de Ventas,Ingeniería,Empleo,,,"Automotriz, inglés, procesos, colaboración","Vales, aguinaldo, seguro, comedor, transporte",,Activa
VAC-0078,ORI-0064,Publicación de vacantes,07/02/2024,CEBI,Industria Automotriz,Operadora de Producción,Operador de Producción,Producción y Operaciones,Empleo,,,"Documentación completa; Femenino, sin experiencia, rolar turnos","Vales, aguinaldo, seguro, comedor, transporte",,Activa
VAC-0079,ORI-0065,Publicación de vacantes,07/02/2024,CEBI,Industria Automotriz,Analista de Cuentas por Cobrar,Analista de Cuentas por Cobrar,Administración y Finanzas,Empleo,,,"Documentación completa; Contabilidad o afín, tiempo completo","Sueldo competitivo, prestaciones",,Activa
VAC-0080,ORI-0066,Publicación de vacantes,18/04/2024,CEBI,Industria Automotriz,Operadora de Producción,Operador de Producción,Producción y Operaciones,Empleo,,,"Documentación completa; Femenino, sin experiencia, rolar turnos","Vales, seguro, comedor, transporte",,Activa
VAC-0081,ORI-0067,Publicación de vacantes,30/05/2024,CEBI,Industria Automotriz,Técnico en Mantenimiento,Técnico de Mantenimiento,Mantenimiento y Electromecánica,Empleo,,,"Automotriz, 2 años, rolar turnos","Salario fijo, contrato, uniformes",,Activa
VAC-0082,ORI-0068,Publicación de vacantes,05/06/2024,CEBI,Industria Automotriz,Operadora de Producción,Operador de Producción,Producción y Operaciones,Empleo,,,"Documentación completa; Femenino, sin experiencia, rolar turnos","Vales, seguro, comedor, transporte",,Activa
VAC-0083,ORI-0069,Publicación de vacantes,05/06/2024,CEBI,Industria Automotriz,Montacarguista,Montacarguista,Oficios y Técnicos,Empleo,,,"Preparatoria, 3 años, rolar turnos","Prestaciones, uniformes, vales",,Activa
VAC-0084,ORI-0070,Publicación de vacantes,07/05/2025,CEBI,Industria Automotriz,Técnico de inyección,Técnico de Inyección,Mantenimiento y Electromecánica,Empleo,,Sector automotriz,"2 años, rolar turnos","Sueldo fijo, prestaciones",,Activa
VAC-0085,ORI-0071,Publicación de vacantes,07/05/2025,CEBI,Industria Automotriz,Prácticas profesionales,Prácticas Profesionales,Formación y Vinculación,Prácticas Profesionales,Negocios Internacionales,,Tiempo completo,"Comida gratuita, apoyo",,Activa
VAC-0086,ORI-0072,Publicación de vacantes,19/04/2024,ISI,Industria Automotriz,Operadores de Costura,Operador de Costura,Producción y Operaciones,Empleo,,,"Máquina manual, recta, over, rolar turnos",,,Activa
VAC-0087,ORI-0073,Publicación de vacantes,30/04/2024,ISI,Industria Automotriz,Prácticas profesionales,Prácticas Profesionales,Formación y Vinculación,Prácticas Profesionales,Ingeniería,,,,,Activa
VAC-0088,ORI-0073,Publicación de vacantes,30/04/2024,ISI,Industria Automotriz,Prácticas profesionales,Prácticas Profesionales,Formación y Vinculación,Prácticas Profesionales,Calidad,,,,,Activa
VAC-0089,ORI-0073,Publicación de vacantes,30/04/2024,ISI,Industria Automotriz,Prácticas profesionales,Prácticas Profesionales,Formación y Vinculación,Prácticas Profesionales,Logística,,,,,Activa
VAC-0090,ORI-0073,Publicación de vacantes,30/04/2024,ISI,Industria Automotriz,Prácticas profesionales,Prácticas Profesionales,Formación y Vinculación,Prácticas Profesionales,Mantenimiento,,,,,Activa
VAC-0091,ORI-0073,Publicación de vacantes,30/04/2024,ISI,Industria Automotriz,Prácticas profesionales,Prácticas Profesionales,Formación y Vinculación,Prácticas Profesionales,Recursos Humanos,,,,,Activa
VAC-0092,ORI-0073,Publicación de vacantes,30/04/2024,ISI,Industria Automotriz,Prácticas profesionales,Prácticas Profesionales,Formación y Vinculación,Prácticas Profesionales,Tecnologías de la Información,,,,,Activa
VAC-0093,ORI-0074,Publicación de vacantes,01/10/2025,ISI,Industria Automotriz,Auxiliar de almacén de refacciones,Auxiliar de Almacén de Refacciones,Logística y Almacén,Empleo,,"SAP, 5S, FIFO, Excel, PowerPoint",Ingeniería/técnica logística/industrial,,,Activa
VAC-0094,ORI-0075,Publicación de vacantes,09/01/2024,Coindu,Industria Automotriz,Profesional Textil,Profesional Textil,Textil,Empleo,,,,"Salario, seguro, transporte, fondo, vales",,Activa
VAC-0095,ORI-0076,Publicación de vacantes,14/02/2024,Coindu,Industria Automotriz,SQA Ing. Industrial o afín,Ingeniero SQA,Calidad,Empleo,,"Core tools, PPAP, APQP, AMEF, SAP, IATF, VDA","Ingeniería, 1 año","Salario, seguro, transporte, fondo",,Activa
VAC-0096,ORI-0077,Publicación de vacantes,20/10/2025,Coindu,Industria Automotriz,Serigrafista,Serigrafista,Textil,Empleo,,"Colores, emulsiones, impresiones, tintas",,,,Activa
VAC-0097,ORI-0078,Publicación de vacantes,19/01/2024,DDEQSA,Sin dato,Operador de Tractocamión,Operador de Tractocamión,Producción y Operaciones,Empleo,,,"4-5 años, licencia E, materiales peligrosos","Sueldo base, comisiones, prestaciones",,Activa
VAC-0098,ORI-0079,Publicación de vacantes,19/01/2024,DDEQSA,Sin dato,Encargado de Embarques,Encargado de Embarques,Logística y Almacén,Empleo,,,"Logística, almacén, inventarios, Office, Odoo","Sueldo competitivo, prestaciones",,Activa
VAC-0099,ORI-0080,Publicación de vacantes,22/01/2024,Schneider Electric,Industria Metal Mecánica,Electromecánico,Electromecánico,Mantenimiento y Electromecánica,Empleo,,,"Técnica eléctrica/mecánica/mecatrónica, ensamble, rolar turnos","Capacitación, vales, fondo, comedor, transporte",,Activa
VAC-0100,ORI-0081,Publicación de vacantes,22/01/2024,Schneider Electric,Industria Metal Mecánica,Inspector de Calidad,Inspector de Calidad,Calidad,Empleo,,,"2 años, planos, medición, SAP, herramientas digitales","Capacitación, vales, fondo, comedor, transporte",,Activa
VAC-0101,ORI-0082,Publicación de vacantes,22/01/2024,Schneider Electric,Industria Metal Mecánica,Ajustador/Mantenimiento,Ajustador de Mantenimiento,Mantenimiento y Electromecánica,Empleo,,,"Técnica eléctrica/mecánica/mecatrónica, neumática, hidráulica","Capacitación, vales, fondo, comedor, transporte",,Activa
VAC-0102,ORI-0083,Publicación de vacantes,22/01/2024,Schneider Electric,Industria Metal Mecánica,Ayudante General,Ayudante General,Producción y Operaciones,Empleo,,,"18 años, secundaria, rolar turnos, cerca zona","Capacitación, vales, fondo, comedor, transporte",,Activa
VAC-0103,ORI-0084,Publicación de vacantes,12/02/2024,Schneider Electric,Industria Metal Mecánica,"Prácticas Profesionales, Egresados",Prácticas Profesionales,Formación y Vinculación,Prácticas Profesionales,Egresados,,,,,Activa
VAC-0104,ORI-0085,Publicación de vacantes,09/01/2025,Schneider Electric,Industria Metal Mecánica,Ayudante General,Ayudante General,Producción y Operaciones,Empleo,,,"Solicitud, acta, identificación, RFC","Seguro vida, premios productividad",,Activa
VAC-0105,ORI-0086,Publicación de vacantes,01/02/2024,EPISA,Industria del Plástico y del Hule,Electromecánicos,Electromecánico,Mantenimiento y Electromecánica,Empleo,,,,"Prestaciones, vales, capacitación, fondo, transporte",,Activa
VAC-0106,ORI-0087,Publicación de vacantes,01/02/2024,EPISA,Industria del Plástico y del Hule,Ayudantes Generales,Ayudante General,Producción y Operaciones,Empleo,,,"18-45, rolar turnos, constancia fiscal","Prestaciones, FONACOT, aguinaldo, IMSS",,Activa
VAC-0107,ORI-0088,Publicación de vacantes,02/02/2024,Novaceramic,Industria de la Construcción,Tornero Fresador,Tornero Fresador,Oficios y Técnicos,Empleo,,"Fresa vertical, torno, metrología, 5S","Masculino 25-35, 2-3 años","Sueldo, bono, transporte",,Activa
VAC-0108,ORI-0089,Publicación de vacantes,02/02/2024,Novaceramic,Industria de la Construcción,Ayudante General,Ayudante General,Producción y Operaciones,Empleo,,"Fresa, torno, metrología, 5S","Mayor 18, radicar cerca","Sueldo, bono, transporte",,Activa
VAC-0109,ORI-0090,Publicación de vacantes,14/08/2024,Novaceramic,Industria de la Construcción,Tornero Fresador,Tornero Fresador,Oficios y Técnicos,Empleo,,"Fresa, torno, metrología",2-3 años,"Sueldo, bono, transporte",,Activa
VAC-0110,ORI-0091,Publicación de vacantes,14/08/2024,Novaceramic,Industria de la Construcción,Personal de limpieza,Personal de Limpieza,Otros,Empleo,,,"2 años, secundaria","Sueldo, bono",,Activa
VAC-0111,ORI-0092,Publicación de vacantes,25/10/2024,Novaceramic,Industria de la Construcción,Tornero Fresador,Tornero Fresador,Oficios y Técnicos,Empleo,,"Fresa, torno, metrología",2-3 años,"Sueldo, bono, transporte",,Activa
VAC-0112,ORI-0093,Publicación de vacantes,16/01/2025,Novaceramic,Industria de la Construcción,Ayudante General,Ayudante General,Producción y Operaciones,Empleo,,,"Disponibilidad, radicar cerca","Sueldo, bono",,Activa
VAC-0113,ORI-0094,Publicación de vacantes,16/01/2025,Novaceramic,Industria de la Construcción,"Operador de camión tortón, rabón y full","Operador de Camión Tortón, Rabón y Full",Producción y Operaciones,Empleo,,,"Licencia federal, 4 años","Sueldo, bono",,Activa
VAC-0114,ORI-0095,Publicación de vacantes,25/07/2025,Novaceramic,Industria de la Construcción,Ayudante General,Ayudante General,Producción y Operaciones,Empleo,,"Soldadura, pailería, herramientas",Rolar turnos,"Prestaciones, IMSS, transporte",,Activa
VAC-0115,ORI-0096,Publicación de vacantes,04/09/2025,Novaceramic,Industria de la Construcción,Mecánico de moldes,Mecánico de Moldes,Mantenimiento y Electromecánica,Empleo,,"Moldes, maquinados, soldadura",Técnico moldes,"Prestaciones, transporte, capacitación",,Activa
VAC-0116,ORI-0097,Publicación de vacantes,21/10/2024,Gonac,Sin dato,Ayudante general,Ayudante General,Producción y Operaciones,Empleo,,,"Secundaria, acta, RFC, INE, NSS",,,Activa
VAC-0117,ORI-0098,Publicación de vacantes,09/02/2024,La Luz,Industria Textil y del Vestido,Personal de Confianza,Electromecánico,Mantenimiento y Electromecánica,Empleo,,"Electromecánicos, supervisores, contadores, ventas, vigilancia",,,,Activa
VAC-0118,ORI-0098,Publicación de vacantes,09/02/2024,La Luz,Industria Textil y del Vestido,Personal de Confianza,Supervisor,Otros,Empleo,,"Electromecánicos, supervisores, contadores, ventas, vigilancia",,,,Activa
VAC-0119,ORI-0098,Publicación de vacantes,09/02/2024,La Luz,Industria Textil y del Vestido,Personal de Confianza,Contador,Administración y Finanzas,Empleo,,"Electromecánicos, supervisores, contadores, ventas, vigilancia",,,,Activa
VAC-0120,ORI-0098,Publicación de vacantes,09/02/2024,La Luz,Industria Textil y del Vestido,Personal de Confianza,Ejecutivo de Ventas,Ventas y Comercial,Empleo,,"Electromecánicos, supervisores, contadores, ventas, vigilancia",,,,Activa
VAC-0121,ORI-0098,Publicación de vacantes,09/02/2024,La Luz,Industria Textil y del Vestido,Personal de Confianza,Vigilante,Seguridad y Salud,Empleo,,"Electromecánicos, supervisores, contadores, ventas, vigilancia",,,,Activa
VAC-0122,ORI-0099,Publicación de vacantes,09/02/2024,La Luz,Industria Textil y del Vestido,Personal Operativo,Tejedor,Textil,Empleo,,"Tejedores, carderos, hiladores, atadores",Femenino o masculino,,,Activa
VAC-0123,ORI-0099,Publicación de vacantes,09/02/2024,La Luz,Industria Textil y del Vestido,Personal Operativo,Cardero,Textil,Empleo,,"Tejedores, carderos, hiladores, atadores",Femenino o masculino,,,Activa
VAC-0124,ORI-0099,Publicación de vacantes,09/02/2024,La Luz,Industria Textil y del Vestido,Personal Operativo,Hilador,Textil,Empleo,,"Tejedores, carderos, hiladores, atadores",Femenino o masculino,,,Activa
VAC-0125,ORI-0099,Publicación de vacantes,09/02/2024,La Luz,Industria Textil y del Vestido,Personal Operativo,Atador,Textil,Empleo,,"Tejedores, carderos, hiladores, atadores",Femenino o masculino,,,Activa
VAC-0126,ORI-0100,Publicación de vacantes,29/01/2025,La Luz,Industria Textil y del Vestido,Mecánico textil,Mecánico Textil,Mantenimiento y Electromecánica,Empleo,,"Maquinaria textil, manuales, diagnóstico","4 años, técnico, turnos","Sueldo, prestaciones",,Activa
VAC-0127,ORI-0101,Publicación de vacantes,29/01/2025,La Luz,Industria Textil y del Vestido,Jefe de contabilidad,Jefe de Contabilidad,Administración y Finanzas,Empleo,,"Fiscal, análisis, liderazgo","Contaduría/finanzas, 3 años","Salario, prestaciones",,Activa
VAC-0128,ORI-0102,Publicación de vacantes,25/02/2026,La Luz,Industria Textil y del Vestido,Jefe de contabilidad,Jefe de Contabilidad,Administración y Finanzas,Empleo,,"Software contable, Excel avanzado","Contaduría, 3 años",Prestaciones,,Activa
VAC-0129,ORI-0103,Publicación de vacantes,25/02/2026,La Luz,Industria Textil y del Vestido,Mecánico textil,Mecánico Textil,Mantenimiento y Electromecánica,Empleo,,,"4 años, técnico, turnos","Sueldo, prestaciones",,Activa
VAC-0130,ORI-0104,Publicación de vacantes,09/10/2024,Providencia,Industria Textil y del Vestido,Empacadores,Empacador,Producción y Operaciones,Empleo,,,"Acta, INE, RFC, NSS, domicilio, estudios",,,Activa
VAC-0131,ORI-0105,Publicación de vacantes,09/10/2024,Providencia,Industria Textil y del Vestido,Ayudante general,Ayudante General,Producción y Operaciones,Empleo,,"Tejedores, carderos, hiladores, atadores","Acta, INE, RFC, NSS, domicilio, estudios",,,Activa
VAC-0132,ORI-0106,Publicación de vacantes,09/10/2024,Providencia,Industria Textil y del Vestido,Costureros,Operador de Costura,Producción y Operaciones,Empleo,,,"Acta, INE, RFC, NSS, domicilio, estudios",,,Activa
VAC-0133,ORI-0107,Publicación de vacantes,07/11/2024,Galia Textil,Industria Diversas,Ayudante general,Ayudante General,Producción y Operaciones,Empleo,,,"Primaria, rolar turnos, 18+","Prestaciones, bono, vales",,Activa
VAC-0134,ORI-0108,Publicación de vacantes,07/11/2024,Galia Textil,Industria Diversas,Prácticas profesionales,Prácticas Profesionales,Formación y Vinculación,Prácticas Profesionales,Ingeniería Industrial,,Rolar turnos y horario,,,Activa
VAC-0135,ORI-0109,Publicación de vacantes,06/11/2024,SuKarne,"Industria De Alimentos, Bebidas Y Tabaco",Supervisor de mantenimiento,Supervisor de Mantenimiento,Mantenimiento y Electromecánica,Empleo,,,Ingeniería y mantenimiento eléctrico/mecánico; Rolar turnos,,,Activa
VAC-0136,ORI-0110,Publicación de vacantes,12/02/2024,Lohr,Industria Automotriz,"Prácticas Profesionales, Finanzas, Compras y Producción",Prácticas Profesionales,Formación y Vinculación,Prácticas Profesionales,Finanzas,,"Estudiante vigente, 4-6 meses","Liberación, apoyo, transporte",,Activa
VAC-0137,ORI-0110,Publicación de vacantes,12/02/2024,Lohr,Industria Automotriz,"Prácticas Profesionales, Finanzas, Compras y Producción",Prácticas Profesionales,Formación y Vinculación,Prácticas Profesionales,Compras,,"Estudiante vigente, 4-6 meses","Liberación, apoyo, transporte",,Activa
VAC-0138,ORI-0110,Publicación de vacantes,12/02/2024,Lohr,Industria Automotriz,"Prácticas Profesionales, Finanzas, Compras y Producción",Prácticas Profesionales,Formación y Vinculación,Prácticas Profesionales,Producción,,"Estudiante vigente, 4-6 meses","Liberación, apoyo, transporte",,Activa
VAC-0139,ORI-0111,Publicación de vacantes,04/04/2024,Lohr,Industria Automotriz,Auxiliares Generales,Ayudante General,Producción y Operaciones,Empleo,,"Pintura, soldadura, montaje","Secundaria/prepa, experiencia","Sueldo, prestaciones, fondo",,Activa
VAC-0140,ORI-0112,Publicación de vacantes,04/04/2024,Lohr,Industria Automotriz,Pintores Industriales,Pintor Industrial,Oficios y Técnicos,Empleo,,"Pasta, lijado, prymer, pintura automotriz",6 meses a 1 año,"Sueldo, prestaciones, fondo",,Activa
VAC-0141,ORI-0113,Publicación de vacantes,04/04/2024,Lohr,Industria Automotriz,Soldadores,Soldador,Oficios y Técnicos,Empleo,,"Soldadura, pailería, microalambre, planos",6 meses a 1 año,"Sueldo, prestaciones, fondo",,Activa
VAC-0142,ORI-0114,Publicación de vacantes,12/02/2024,SEBNMX,Sin dato,"Prácticas Profesionales, RH",Prácticas Profesionales,Formación y Vinculación,Prácticas Profesionales,Recursos Humanos,,"Áreas económico administrativas, seguro","Apoyo, transporte, comedor",,Activa
VAC-0143,ORI-0115,Publicación de vacantes,19/02/2024,SEBNMX,Sin dato,Almacenista,Almacenista,Logística y Almacén,Empleo,,,"Bachillerato, DC3, montacargas","Vales, transporte, comedor, fondo",,Activa
VAC-0144,ORI-0116,Publicación de vacantes,19/02/2024,SEBNMX,Sin dato,"Supervisor de Producción, Planeador de Materiales",Supervisor de Producción,Producción y Operaciones,Empleo,,"Lean, personal, indicadores, automotriz","18-50, INE, RFC, turnos","Vales, transporte, comedor, fondo",,Activa
VAC-0145,ORI-0116,Publicación de vacantes,19/02/2024,SEBNMX,Sin dato,"Supervisor de Producción, Planeador de Materiales",Planeador de Materiales,Ingeniería,Empleo,,"Lean, personal, indicadores, automotriz","18-50, INE, RFC, turnos","Vales, transporte, comedor, fondo",,Activa
VAC-0146,ORI-0117,Publicación de vacantes,19/02/2024,SEBNMX,Sin dato,Ayudantes Generales,Ayudante General,Producción y Operaciones,Empleo,,,"18-50, INE, RFC, turnos","Salario, vales, comedor, fondo, bonos",,Activa
VAC-0147,ORI-0118,Publicación de vacantes,21/01/2025,SEBNMX,Sin dato,Ayudantes Generales,Ayudante General,Producción y Operaciones,Empleo,,,"Rolar turnos, identificación, RFC","Salario, comedor, transporte, vales",,Activa
VAC-0148,ORI-0119,Publicación de vacantes,28/01/2026,SEBNMX,Sin dato,Ayudantes Generales,Ayudante General,Producción y Operaciones,Empleo,,,"Secundaria, turnos, cerca, 6 meses","Transporte, comedor, prestaciones",,Activa
VAC-0149,ORI-0120,Publicación de vacantes,21/02/2024,Alpha Cerámica,Industria de la Construcción,Hornero Industrial,Hornero Industrial,Producción y Operaciones,Empleo,,,"18-30, turnos, altas temperaturas","Prestaciones, salario 12000",,Activa
VAC-0150,ORI-0121,Publicación de vacantes,21/02/2024,Alpha Cerámica,Industria de la Construcción,Ayudantes Generales,Ayudante General,Producción y Operaciones,Empleo,,,,"IMSS, aguinaldo, transporte, bonos",,Activa
VAC-0151,ORI-0122,Publicación de vacantes,21/02/2024,Alpha Cerámica,Industria de la Construcción,Ayudante Limpieza Industrial,Ayudante de Limpieza Industrial,Producción y Operaciones,Empleo,,,"Masculino, RFC, experiencia 1 año",Prestaciones superiores,,Activa
VAC-0152,ORI-0123,Publicación de vacantes,21/02/2024,Alpha Cerámica,Industria de la Construcción,Escaneadora,Escaneador,Producción y Operaciones,Empleo,,,"Masculino, experiencia 1 año","Rolar 3 turnos, secundaria",,Activa
VAC-0153,ORI-0124,Publicación de vacantes,19/02/2026,Alpha Cerámica,Industria de la Construcción,Ejecutivo reclutamiento,Ejecutivo de Reclutamiento,Recursos Humanos,Empleo,,,"6 meses, capacitación, plantilla 500","Prestaciones, caja ahorro",,Activa
VAC-0154,ORI-0125,Publicación de vacantes,02/09/2024,Euwe Eugen Wexler,Sin dato,"Prácticas profesionales, nutrición",Prácticas Profesionales,Formación y Vinculación,Prácticas Profesionales,Nutrición,Seguro facultativo,Licenciatura nutrición,"Apoyo, transporte, comedor",,Activa
VAC-0155,ORI-0126,Publicación de vacantes,23/01/2025,DBW,Industria Automotriz,Auxiliar de almacén,Auxiliar de Almacén,Logística y Almacén,Empleo,,,"Documentación, INFONAVIT","Prestaciones, vales, comedor, transporte, PTU",,Activa
VAC-0156,ORI-0127,Publicación de vacantes,27/01/2025,Driscoll's,"Industria de Alimentos, Bebidas y Tabaco",Líder de operaciones temporal,Líder de Operaciones Temporal,Otros,Empleo,,,"Agronomía, personal, fitopatología, parasitología","Fondo, vales, transporte, horario fijo",,Activa
VAC-0157,ORI-0128,Publicación de vacantes,11/06/2025,Coca-Cola FEMSA,"Industria de Alimentos, Bebidas y Tabaco",Chofer,Chofer,Transporte,Empleo,,Camiones 8 a 10 toneladas,"Preparatoria, licencia vigente","Prestaciones, vales, comedor, transporte",,Activa
VAC-0158,ORI-0129,Publicación de vacantes,29/07/2025,Amatech,Ti Y Automatización,Operador telefónico medio tiempo,Operador Telefónico de Medio Tiempo,Producción y Operaciones,Empleo,,,"Preparatoria trunca, documentos",IMSS,,Activa
VAC-0159,ORI-0130,Publicación de vacantes,24/07/2025,Fetsa,Industria Metal Mecánica,Soldador,Soldador,Oficios y Técnicos,Empleo,,"Flux Core, microalambre",,,,Activa
VAC-0160,ORI-0131,Publicación de vacantes,24/07/2025,Fetsa,Industria Metal Mecánica,Pailero,Pailero,Oficios y Técnicos,Empleo,,"Estructuras, planos, perfiles, tubería","28-45, masculino",,,Activa
VAC-0161,ORI-0132,Publicación de vacantes,24/07/2025,Fetsa,Industria Metal Mecánica,Ingeniero de procesos,Ingeniero de Procesos,Ingeniería,Empleo,,,"Ingeniería mecánica/industrial, planos",,,Activa
VAC-0162,ORI-0133,Publicación de vacantes,24/07/2025,Fetsa,Industria Metal Mecánica,Residencia prácticas profesionales,Prácticas Profesionales,Formación y Vinculación,Prácticas Profesionales,Ingeniería,,"Último semestre, seguro",,,Activa
VAC-0163,ORI-0133,Publicación de vacantes,24/07/2025,Fetsa,Industria Metal Mecánica,Residencia prácticas profesionales,Prácticas Profesionales,Formación y Vinculación,Prácticas Profesionales,Logística,,"Último semestre, seguro",,,Activa
VAC-0164,ORI-0133,Publicación de vacantes,24/07/2025,Fetsa,Industria Metal Mecánica,Residencia prácticas profesionales,Prácticas Profesionales,Formación y Vinculación,Prácticas Profesionales,Administración,,"Último semestre, seguro",,,Activa
VAC-0165,ORI-0134,Publicación de vacantes,22/08/2025,Fetsa,Industria Metal Mecánica,Gerente de producción,Gerente de Producción,Producción y Operaciones,Empleo,,"Soldadura, pailería, planificación, supervisión","Ingeniería, 5 años","Capacitación, pago semanal, prestaciones",,Activa
VAC-0166,ORI-0135,Publicación de vacantes,13/08/2025,MJCR,Sin dato,"Servicio social, prácticas profesionales",Servicio Social,Formación y Vinculación,Servicio Social,,,18 años en adelante,,,Activa
VAC-0167,ORI-0135,Publicación de vacantes,13/08/2025,MJCR,Sin dato,"Servicio social, prácticas profesionales",Prácticas Profesionales,Formación y Vinculación,Prácticas Profesionales,,,18 años en adelante,,,Activa
